Datum Zeit; Dresden-Nord CO
; mg/m3
30-12-13; n. def.
29-12-13; n. def.
28-12-13; n. def.
27-12-13; n. def.
26-12-13; n. def.
25-12-13; n. def.
24-12-13; n. def.
23-12-13; n. def.
22-12-13; n. def.
21-12-13; n. def.
20-12-13; n. def.
19-12-13; n. def.
18-12-13; n. def.
17-12-13; n. def.
16-12-13; n. def.
15-12-13; n. def.
14-12-13; n. def.
13-12-13; n. def.
12-12-13; n. def.
11-12-13; n. def.
10-12-13; n. def.
09-12-13; n. def.
08-12-13; n. def.
07-12-13; n. def.
06-12-13; n. def.
05-12-13; n. def.
04-12-13; n. def.
03-12-13; n. def.
02-12-13; n. def.
01-12-13; n. def.
30-11-13; n. def.
29-11-13; n. def.
28-11-13; n. def.
27-11-13; n. def.
26-11-13; n. def.
25-11-13; n. def.
24-11-13; n. def.
23-11-13; n. def.
22-11-13; n. def.
21-11-13; n. def.
20-11-13; n. def.
19-11-13; n. def.
18-11-13; n. def.
17-11-13; n. def.
16-11-13; n. def.
15-11-13; n. def.
14-11-13; n. def.
13-11-13; n. def.
12-11-13; n. def.
11-11-13; n. def.
10-11-13; n. def.
09-11-13; n. def.
08-11-13; n. def.
07-11-13; n. def.
06-11-13; n. def.
05-11-13; n. def.
04-11-13; n. def.
03-11-13; n. def.
02-11-13; n. def.
01-11-13; n. def.
31-10-13; n. def.
30-10-13; n. def.
29-10-13; n. def.
28-10-13; n. def.
27-10-13; n. def.
26-10-13; n. def.
25-10-13; n. def.
24-10-13; n. def.
23-10-13; n. def.
22-10-13; n. def.
21-10-13; n. def.
20-10-13; n. def.
19-10-13; n. def.
18-10-13; n. def.
17-10-13; n. def.
16-10-13; n. def.
15-10-13; n. def.
14-10-13; n. def.
13-10-13; n. def.
12-10-13; n. def.
11-10-13; n. def.
10-10-13; n. def.
09-10-13; n. def.
08-10-13; n. def.
07-10-13; n. def.
06-10-13; n. def.
05-10-13; n. def.
04-10-13; n. def.
03-10-13; n. def.
02-10-13; n. def.
01-10-13; n. def.
30-09-13; n. def.
29-09-13; n. def.
28-09-13; n. def.
27-09-13; n. def.
26-09-13; n. def.
25-09-13; n. def.
24-09-13; n. def.
23-09-13; n. def.
22-09-13; n. def.
21-09-13; n. def.
20-09-13; n. def.
19-09-13; n. def.
18-09-13; n. def.
17-09-13; n. def.
16-09-13; n. def.
15-09-13; n. def.
14-09-13; n. def.
13-09-13; n. def.
12-09-13; n. def.
11-09-13; n. def.
10-09-13; n. def.
09-09-13; n. def.
08-09-13; n. def.
07-09-13; n. def.
06-09-13; n. def.
05-09-13; n. def.
04-09-13; n. def.
03-09-13; n. def.
02-09-13; n. def.
01-09-13; n. def.
31-08-13; n. def.
30-08-13; n. def.
29-08-13; n. def.
28-08-13; n. def.
27-08-13; n. def.
26-08-13; n. def.
25-08-13; n. def.
24-08-13; n. def.
23-08-13; n. def.
22-08-13; n. def.
21-08-13; n. def.
20-08-13; n. def.
19-08-13; n. def.
18-08-13; n. def.
17-08-13; n. def.
16-08-13; n. def.
15-08-13; n. def.
14-08-13; n. def.
13-08-13; n. def.
12-08-13; n. def.
11-08-13; n. def.
10-08-13; n. def.
09-08-13; n. def.
08-08-13; n. def.
07-08-13; n. def.
06-08-13; n. def.
05-08-13; n. def.
04-08-13; n. def.
03-08-13; n. def.
02-08-13; n. def.
01-08-13; n. def.
31-07-13; n. def.
30-07-13; n. def.
29-07-13; n. def.
28-07-13; n. def.
27-07-13; n. def.
26-07-13; n. def.
25-07-13; n. def.
24-07-13; n. def.
23-07-13; n. def.
22-07-13; n. def.
21-07-13; n. def.
20-07-13; n. def.
19-07-13; n. def.
18-07-13; n. def.
17-07-13; n. def.
16-07-13; n. def.
15-07-13; n. def.
14-07-13; n. def.
13-07-13; n. def.
12-07-13; n. def.
11-07-13; n. def.
10-07-13; n. def.
09-07-13; n. def.
08-07-13; n. def.
07-07-13; n. def.
06-07-13; n. def.
05-07-13; n. def.
04-07-13; n. def.
03-07-13; n. def.
02-07-13; n. def.
01-07-13; n. def.
30-06-13; n. def.
29-06-13; n. def.
28-06-13; n. def.
27-06-13; n. def.
26-06-13; n. def.
25-06-13; n. def.
24-06-13; n. def.
23-06-13; n. def.
22-06-13; n. def.
21-06-13; n. def.
20-06-13; n. def.
19-06-13; n. def.
18-06-13; n. def.
17-06-13; n. def.
16-06-13; n. def.
15-06-13; n. def.
14-06-13; n. def.
13-06-13; n. def.
12-06-13; n. def.
11-06-13; n. def.
10-06-13; n. def.
09-06-13; n. def.
08-06-13; n. def.
07-06-13; n. def.
06-06-13; n. def.
05-06-13; n. def.
04-06-13; n. def.
03-06-13; n. def.
02-06-13; n. def.
01-06-13; n. def.
31-05-13; n. def.
30-05-13; n. def.
29-05-13; n. def.
28-05-13; n. def.
27-05-13; n. def.
26-05-13; n. def.
25-05-13; n. def.
24-05-13; n. def.
23-05-13; n. def.
22-05-13; n. def.
21-05-13; n. def.
20-05-13; n. def.
19-05-13; n. def.
18-05-13; n. def.
17-05-13; n. def.
16-05-13; n. def.
15-05-13; n. def.
14-05-13; n. def.
13-05-13; n. def.
12-05-13; n. def.
11-05-13; n. def.
10-05-13; n. def.
09-05-13; n. def.
08-05-13; n. def.
07-05-13; n. def.
06-05-13; n. def.
05-05-13; n. def.
04-05-13; n. def.
03-05-13; n. def.
02-05-13; n. def.
01-05-13; n. def.
30-04-13; n. def.
29-04-13; n. def.
28-04-13; n. def.
27-04-13; n. def.
26-04-13; n. def.
25-04-13; n. def.
24-04-13; n. def.
23-04-13; n. def.
22-04-13; n. def.
21-04-13; n. def.
20-04-13; n. def.
19-04-13; n. def.
18-04-13; n. def.
17-04-13; n. def.
16-04-13; n. def.
15-04-13; n. def.
14-04-13; n. def.
13-04-13; n. def.
12-04-13; n. def.
11-04-13; n. def.
10-04-13; n. def.
09-04-13; n. def.
08-04-13; n. def.
07-04-13; n. def.
06-04-13; n. def.
05-04-13; n. def.
04-04-13; n. def.
03-04-13; n. def.
02-04-13; n. def.
01-04-13; n. def.
31-03-13; n. def.
30-03-13; n. def.
29-03-13; n. def.
28-03-13; n. def.
27-03-13; n. def.
26-03-13; n. def.
25-03-13; n. def.
24-03-13; n. def.
23-03-13; n. def.
22-03-13; n. def.
21-03-13; n. def.
20-03-13; n. def.
19-03-13; n. def.
18-03-13; n. def.
17-03-13; n. def.
16-03-13; n. def.
15-03-13; n. def.
14-03-13; n. def.
13-03-13; n. def.
12-03-13; n. def.
11-03-13; n. def.
10-03-13; n. def.
09-03-13; n. def.
08-03-13; n. def.
07-03-13; n. def.
06-03-13; n. def.
05-03-13; n. def.
04-03-13; n. def.
03-03-13; n. def.
02-03-13; n. def.
01-03-13; n. def.
28-02-13; n. def.
27-02-13; n. def.
26-02-13; n. def.
25-02-13; n. def.
24-02-13; n. def.
23-02-13; n. def.
22-02-13; n. def.
21-02-13; n. def.
20-02-13; n. def.
19-02-13; n. def.
18-02-13; n. def.
17-02-13; n. def.
16-02-13; n. def.
15-02-13; n. def.
14-02-13; n. def.
13-02-13; n. def.
12-02-13; n. def.
11-02-13; n. def.
10-02-13; n. def.
09-02-13; n. def.
08-02-13; n. def.
07-02-13; n. def.
06-02-13; n. def.
05-02-13; n. def.
04-02-13; n. def.
03-02-13; n. def.
02-02-13; n. def.
01-02-13; n. def.
31-01-13; n. def.
30-01-13; n. def.
29-01-13; n. def.
28-01-13; n. def.
27-01-13; n. def.
26-01-13; n. def.
25-01-13; n. def.
24-01-13; n. def.
23-01-13; n. def.
22-01-13; n. def.
21-01-13; n. def.
20-01-13; n. def.
19-01-13; n. def.
18-01-13; n. def.
17-01-13; n. def.
16-01-13; n. def.
15-01-13; n. def.
14-01-13; n. def.
13-01-13; n. def.
12-01-13; n. def.
11-01-13; n. def.
10-01-13; n. def.
09-01-13; n. def.
08-01-13; n. def.
07-01-13; n. def.
06-01-13; n. def.
05-01-13; n. def.
04-01-13; n. def.
03-01-13; n. def.
02-01-13; n. def.
01-01-13; n. def.

Datum Zeit; Dresden-Bergstraße PM10_Pb; Dresden-Nord PM10_Pb; Dresden-Winckelmannstr. PM10_Pb
; ng/m3; ng/m3; ng/m3
30-12-13; n. def.; n. def.; n. def.
29-12-13; n. def.; n. def.; n. def.
28-12-13; n. def.; n. def.; n. def.
27-12-13; n. def.; 4,16; n. def.
26-12-13; n. def.; n. def.; n. def.
25-12-13; n. def.; n. def.; n. def.
24-12-13; n. def.; n. def.; n. def.
23-12-13; n. def.; n. def.; n. def.
22-12-13; n. def.; n. def.; n. def.
21-12-13; n. def.; 6,52; n. def.
20-12-13; n. def.; n. def.; n. def.
19-12-13; n. def.; n. def.; n. def.
18-12-13; n. def.; n. def.; n. def.
17-12-13; n. def.; n. def.; n. def.
16-12-13; n. def.; n. def.; n. def.
15-12-13; n. def.; 8,77; n. def.
14-12-13; n. def.; n. def.; n. def.
13-12-13; n. def.; n. def.; n. def.
12-12-13; n. def.; n. def.; n. def.
11-12-13; n. def.; n. def.; n. def.
10-12-13; n. def.; n. def.; n. def.
09-12-13; n. def.; 7,25; n. def.
08-12-13; n. def.; n. def.; n. def.
07-12-13; n. def.; n. def.; n. def.
06-12-13; n. def.; n. def.; n. def.
05-12-13; n. def.; n. def.; n. def.
04-12-13; n. def.; n. def.; n. def.
03-12-13; n. def.; 24,59; n. def.
02-12-13; n. def.; n. def.; n. def.
01-12-13; n. def.; n. def.; n. def.
30-11-13; n. def.; n. def.; n. def.
29-11-13; n. def.; n. def.; n. def.
28-11-13; n. def.; n. def.; n. def.
27-11-13; n. def.; 17,12; n. def.
26-11-13; n. def.; n. def.; n. def.
25-11-13; n. def.; n. def.; n. def.
24-11-13; n. def.; n. def.; n. def.
23-11-13; n. def.; n. def.; n. def.
22-11-13; n. def.; n. def.; n. def.
21-11-13; n. def.; 9,49; n. def.
20-11-13; n. def.; n. def.; n. def.
19-11-13; n. def.; n. def.; n. def.
18-11-13; n. def.; n. def.; n. def.
17-11-13; n. def.; n. def.; n. def.
16-11-13; n. def.; n. def.; n. def.
15-11-13; n. def.; 20,75; n. def.
14-11-13; n. def.; n. def.; n. def.
13-11-13; n. def.; n. def.; n. def.
12-11-13; n. def.; n. def.; n. def.
11-11-13; n. def.; n. def.; n. def.
10-11-13; n. def.; n. def.; n. def.
09-11-13; n. def.; 4,43; n. def.
08-11-13; n. def.; n. def.; n. def.
07-11-13; n. def.; n. def.; n. def.
06-11-13; n. def.; n. def.; n. def.
05-11-13; n. def.; n. def.; n. def.
04-11-13; n. def.; n. def.; n. def.
03-11-13; n. def.; 1,91; n. def.
02-11-13; n. def.; n. def.; n. def.
01-11-13; n. def.; n. def.; n. def.
31-10-13; n. def.; n. def.; n. def.
30-10-13; n. def.; n. def.; n. def.
29-10-13; n. def.; n. def.; n. def.
28-10-13; n. def.; 2,28; n. def.
27-10-13; n. def.; n. def.; n. def.
26-10-13; n. def.; n. def.; n. def.
25-10-13; n. def.; n. def.; n. def.
24-10-13; n. def.; n. def.; n. def.
23-10-13; n. def.; n. def.; n. def.
22-10-13; n. def.; 6,41; n. def.
21-10-13; n. def.; n. def.; n. def.
20-10-13; n. def.; n. def.; n. def.
19-10-13; n. def.; n. def.; n. def.
18-10-13; n. def.; n. def.; n. def.
17-10-13; n. def.; n. def.; n. def.
16-10-13; n. def.; 8,63; n. def.
15-10-13; n. def.; n. def.; n. def.
14-10-13; n. def.; n. def.; n. def.
13-10-13; n. def.; n. def.; n. def.
12-10-13; n. def.; n. def.; n. def.
11-10-13; n. def.; n. def.; n. def.
10-10-13; n. def.; 4,54; n. def.
09-10-13; n. def.; n. def.; n. def.
08-10-13; n. def.; n. def.; n. def.
07-10-13; n. def.; n. def.; n. def.
06-10-13; n. def.; n. def.; n. def.
05-10-13; n. def.; n. def.; n. def.
04-10-13; n. def.; 5,92; n. def.
03-10-13; n. def.; n. def.; n. def.
02-10-13; n. def.; n. def.; n. def.
01-10-13; n. def.; n. def.; n. def.
30-09-13; n. def.; n. def.; n. def.
29-09-13; n. def.; n. def.; n. def.
28-09-13; n. def.; 8,13; n. def.
27-09-13; n. def.; n. def.; n. def.
26-09-13; n. def.; n. def.; n. def.
25-09-13; n. def.; n. def.; n. def.
24-09-13; n. def.; n. def.; n. def.
23-09-13; n. def.; n. def.; n. def.
22-09-13; n. def.; 9,09; n. def.
21-09-13; n. def.; n. def.; n. def.
20-09-13; n. def.; n. def.; n. def.
19-09-13; n. def.; n. def.; n. def.
18-09-13; n. def.; n. def.; n. def.
17-09-13; n. def.; n. def.; n. def.
16-09-13; n. def.; 3,99; n. def.
15-09-13; n. def.; n. def.; n. def.
14-09-13; n. def.; n. def.; n. def.
13-09-13; n. def.; n. def.; n. def.
12-09-13; n. def.; n. def.; n. def.
11-09-13; n. def.; n. def.; n. def.
10-09-13; n. def.; 3,82; n. def.
09-09-13; n. def.; n. def.; n. def.
08-09-13; n. def.; n. def.; n. def.
07-09-13; n. def.; n. def.; n. def.
06-09-13; n. def.; n. def.; n. def.
05-09-13; n. def.; n. def.; n. def.
04-09-13; n. def.; 3,90; n. def.
03-09-13; n. def.; n. def.; n. def.
02-09-13; n. def.; n. def.; n. def.
01-09-13; n. def.; n. def.; n. def.
31-08-13; n. def.; n. def.; n. def.
30-08-13; n. def.; n. def.; n. def.
29-08-13; n. def.; 8,39; n. def.
28-08-13; n. def.; n. def.; n. def.
27-08-13; n. def.; n. def.; n. def.
26-08-13; n. def.; n. def.; n. def.
25-08-13; n. def.; n. def.; n. def.
24-08-13; n. def.; n. def.; n. def.
23-08-13; n. def.; 15,76; n. def.
22-08-13; n. def.; n. def.; n. def.
21-08-13; n. def.; n. def.; n. def.
20-08-13; n. def.; n. def.; n. def.
19-08-13; n. def.; n. def.; n. def.
18-08-13; n. def.; n. def.; n. def.
17-08-13; n. def.; 8,00; n. def.
16-08-13; n. def.; n. def.; n. def.
15-08-13; n. def.; n. def.; n. def.
14-08-13; n. def.; n. def.; n. def.
13-08-13; n. def.; n. def.; n. def.
12-08-13; n. def.; n. def.; n. def.
11-08-13; n. def.; 6,50; n. def.
10-08-13; n. def.; n. def.; n. def.
09-08-13; n. def.; n. def.; n. def.
08-08-13; n. def.; n. def.; n. def.
07-08-13; n. def.; n. def.; n. def.
06-08-13; n. def.; n. def.; n. def.
05-08-13; n. def.; 4,39; n. def.
04-08-13; n. def.; n. def.; n. def.
03-08-13; n. def.; n. def.; n. def.
02-08-13; n. def.; n. def.; n. def.
01-08-13; n. def.; n. def.; n. def.
31-07-13; n. def.; n. def.; n. def.
30-07-13; n. def.; 3,32; n. def.
29-07-13; n. def.; n. def.; n. def.
28-07-13; n. def.; n. def.; n. def.
27-07-13; n. def.; n. def.; n. def.
26-07-13; n. def.; n. def.; n. def.
25-07-13; n. def.; n. def.; n. def.
24-07-13; n. def.; 8,16; n. def.
23-07-13; n. def.; n. def.; n. def.
22-07-13; n. def.; n. def.; n. def.
21-07-13; n. def.; n. def.; n. def.
20-07-13; n. def.; n. def.; n. def.
19-07-13; n. def.; n. def.; n. def.
18-07-13; n. def.; 9,10; n. def.
17-07-13; n. def.; n. def.; n. def.
16-07-13; n. def.; n. def.; n. def.
15-07-13; n. def.; n. def.; n. def.
14-07-13; n. def.; n. def.; n. def.
13-07-13; n. def.; n. def.; n. def.
12-07-13; n. def.; 4,24; n. def.
11-07-13; n. def.; n. def.; n. def.
10-07-13; n. def.; n. def.; n. def.
09-07-13; n. def.; n. def.; n. def.
08-07-13; n. def.; n. def.; n. def.
07-07-13; n. def.; n. def.; n. def.
06-07-13; n. def.; 13,38; n. def.
05-07-13; n. def.; n. def.; n. def.
04-07-13; n. def.; n. def.; n. def.
03-07-13; n. def.; n. def.; n. def.
02-07-13; n. def.; n. def.; n. def.
01-07-13; n. def.; n. def.; n. def.
30-06-13; n. def.; 1,89; n. def.
29-06-13; n. def.; n. def.; n. def.
28-06-13; n. def.; n. def.; n. def.
27-06-13; n. def.; n. def.; n. def.
26-06-13; n. def.; n. def.; n. def.
25-06-13; n. def.; n. def.; n. def.
24-06-13; n. def.; 2,66; n. def.
23-06-13; n. def.; n. def.; n. def.
22-06-13; n. def.; n. def.; n. def.
21-06-13; n. def.; n. def.; n. def.
20-06-13; n. def.; n. def.; n. def.
19-06-13; n. def.; n. def.; n. def.
18-06-13; n. def.; 11,99; n. def.
17-06-13; n. def.; n. def.; n. def.
16-06-13; n. def.; n. def.; n. def.
15-06-13; n. def.; n. def.; n. def.
14-06-13; n. def.; n. def.; n. def.
13-06-13; n. def.; n. def.; n. def.
12-06-13; n. def.; 2,55; n. def.
11-06-13; n. def.; n. def.; n. def.
10-06-13; n. def.; n. def.; n. def.
09-06-13; n. def.; n. def.; n. def.
08-06-13; n. def.; n. def.; n. def.
07-06-13; n. def.; n. def.; n. def.
06-06-13; n. def.; 14,72; n. def.
05-06-13; n. def.; n. def.; n. def.
04-06-13; n. def.; n. def.; n. def.
03-06-13; n. def.; n. def.; n. def.
02-06-13; n. def.; n. def.; n. def.
01-06-13; n. def.; n. def.; n. def.
31-05-13; n. def.; 12,70; n. def.
30-05-13; n. def.; n. def.; n. def.
29-05-13; n. def.; n. def.; n. def.
28-05-13; n. def.; n. def.; n. def.
27-05-13; n. def.; n. def.; n. def.
26-05-13; n. def.; n. def.; n. def.
25-05-13; n. def.; 3,00; n. def.
24-05-13; n. def.; n. def.; n. def.
23-05-13; n. def.; n. def.; n. def.
22-05-13; n. def.; n. def.; n. def.
21-05-13; n. def.; n. def.; n. def.
20-05-13; n. def.; n. def.; n. def.
19-05-13; n. def.; 11,87; n. def.
18-05-13; n. def.; n. def.; n. def.
17-05-13; n. def.; n. def.; n. def.
16-05-13; n. def.; n. def.; n. def.
15-05-13; n. def.; n. def.; n. def.
14-05-13; n. def.; n. def.; n. def.
13-05-13; n. def.; 4,08; n. def.
12-05-13; n. def.; n. def.; n. def.
11-05-13; n. def.; n. def.; n. def.
10-05-13; n. def.; n. def.; n. def.
09-05-13; n. def.; n. def.; n. def.
08-05-13; n. def.; n. def.; n. def.
07-05-13; n. def.; 12,41; n. def.
06-05-13; n. def.; n. def.; n. def.
05-05-13; n. def.; n. def.; n. def.
04-05-13; n. def.; n. def.; n. def.
03-05-13; n. def.; n. def.; n. def.
02-05-13; n. def.; n. def.; n. def.
01-05-13; n. def.; 15,47; n. def.
30-04-13; n. def.; n. def.; n. def.
29-04-13; n. def.; n. def.; n. def.
28-04-13; n. def.; n. def.; n. def.
27-04-13; n. def.; n. def.; n. def.
26-04-13; n. def.; n. def.; n. def.
25-04-13; n. def.; 9,69; n. def.
24-04-13; n. def.; n. def.; n. def.
23-04-13; n. def.; n. def.; n. def.
22-04-13; n. def.; n. def.; n. def.
21-04-13; n. def.; n. def.; n. def.
20-04-13; n. def.; n. def.; n. def.
19-04-13; n. def.; 6,66; n. def.
18-04-13; n. def.; n. def.; n. def.
17-04-13; n. def.; n. def.; n. def.
16-04-13; n. def.; n. def.; n. def.
15-04-13; n. def.; n. def.; n. def.
14-04-13; n. def.; n. def.; n. def.
13-04-13; n. def.; 4,90; n. def.
12-04-13; n. def.; n. def.; n. def.
11-04-13; n. def.; n. def.; n. def.
10-04-13; n. def.; n. def.; n. def.
09-04-13; n. def.; n. def.; n. def.
08-04-13; n. def.; n. def.; n. def.
07-04-13; n. def.; 6,05; n. def.
06-04-13; n. def.; n. def.; n. def.
05-04-13; n. def.; n. def.; n. def.
04-04-13; n. def.; n. def.; n. def.
03-04-13; n. def.; n. def.; n. def.
02-04-13; n. def.; n. def.; n. def.
01-04-13; n. def.; 6,61; n. def.
31-03-13; n. def.; n. def.; n. def.
30-03-13; n. def.; n. def.; n. def.
29-03-13; n. def.; n. def.; n. def.
28-03-13; n. def.; n. def.; n. def.
27-03-13; n. def.; n. def.; n. def.
26-03-13; n. def.; 22,91; n. def.
25-03-13; n. def.; n. def.; n. def.
24-03-13; n. def.; n. def.; n. def.
23-03-13; n. def.; n. def.; n. def.
22-03-13; n. def.; n. def.; n. def.
21-03-13; n. def.; n. def.; n. def.
20-03-13; n. def.; 14,07; n. def.
19-03-13; n. def.; n. def.; n. def.
18-03-13; n. def.; n. def.; n. def.
17-03-13; n. def.; n. def.; n. def.
16-03-13; n. def.; n. def.; n. def.
15-03-13; n. def.; n. def.; n. def.
14-03-13; n. def.; 14,11; n. def.
13-03-13; n. def.; n. def.; n. def.
12-03-13; n. def.; n. def.; n. def.
11-03-13; n. def.; n. def.; n. def.
10-03-13; n. def.; n. def.; n. def.
09-03-13; n. def.; n. def.; n. def.
08-03-13; n. def.; 15,70; n. def.
07-03-13; n. def.; n. def.; n. def.
06-03-13; n. def.; n. def.; n. def.
05-03-13; n. def.; n. def.; n. def.
04-03-13; n. def.; n. def.; n. def.
03-03-13; n. def.; n. def.; n. def.
02-03-13; n. def.; 9,68; n. def.
01-03-13; n. def.; n. def.; n. def.
28-02-13; n. def.; n. def.; n. def.
27-02-13; n. def.; n. def.; n. def.
26-02-13; n. def.; n. def.; n. def.
25-02-13; n. def.; n. def.; n. def.
24-02-13; n. def.; 36,32; n. def.
23-02-13; n. def.; n. def.; n. def.
22-02-13; n. def.; n. def.; n. def.
21-02-13; n. def.; n. def.; n. def.
20-02-13; n. def.; n. def.; n. def.
19-02-13; n. def.; n. def.; n. def.
18-02-13; n. def.; 31,18; n. def.
17-02-13; n. def.; n. def.; n. def.
16-02-13; n. def.; n. def.; n. def.
15-02-13; n. def.; n. def.; n. def.
14-02-13; n. def.; n. def.; n. def.
13-02-13; n. def.; n. def.; n. def.
12-02-13; n. def.; 68,23; n. def.
11-02-13; n. def.; n. def.; n. def.
10-02-13; n. def.; n. def.; n. def.
09-02-13; n. def.; n. def.; n. def.
08-02-13; n. def.; n. def.; n. def.
07-02-13; n. def.; n. def.; n. def.
06-02-13; n. def.; 12,08; n. def.
05-02-13; n. def.; n. def.; n. def.
04-02-13; n. def.; n. def.; n. def.
03-02-13; n. def.; n. def.; n. def.
02-02-13; n. def.; n. def.; n. def.
01-02-13; n. def.; n. def.; n. def.
31-01-13; n. def.; 3,60; n. def.
30-01-13; n. def.; n. def.; n. def.
29-01-13; n. def.; n. def.; n. def.
28-01-13; n. def.; n. def.; n. def.
27-01-13; n. def.; n. def.; n. def.
26-01-13; n. def.; n. def.; n. def.
25-01-13; n. def.; 29,13; n. def.
24-01-13; n. def.; n. def.; n. def.
23-01-13; n. def.; n. def.; n. def.
22-01-13; n. def.; n. def.; n. def.
21-01-13; n. def.; n. def.; n. def.
20-01-13; n. def.; n. def.; n. def.
19-01-13; n. def.; 22,67; n. def.
18-01-13; n. def.; n. def.; n. def.
17-01-13; n. def.; n. def.; n. def.
16-01-13; n. def.; n. def.; n. def.
15-01-13; n. def.; n. def.; n. def.
14-01-13; n. def.; n. def.; n. def.
13-01-13; n. def.; 10,16; n. def.
12-01-13; n. def.; n. def.; n. def.
11-01-13; n. def.; n. def.; n. def.
10-01-13; n. def.; n. def.; n. def.
09-01-13; n. def.; n. def.; n. def.
08-01-13; n. def.; n. def.; n. def.
07-01-13; n. def.; 4,36; n. def.
06-01-13; n. def.; n. def.; n. def.
05-01-13; n. def.; n. def.; n. def.
04-01-13; n. def.; n. def.; n. def.
03-01-13; n. def.; n. def.; n. def.
02-01-13; n. def.; n. def.; n. def.
01-01-13; n. def.; 16,00; n. def.

Datum Zeit; Dresden-Bergstraße NO; Dresden-Bergstraße NO2; Dresden-Bergstraße O3; Dresden-Bergstraße PM10
; µg/m³; µg/m³; µg/m³; µg/m³
30-12-13; 103; 60; n. def.; 21
29-12-13; 36; 32; n. def.; 13
28-12-13; 21; 24; n. def.; 15
27-12-13; 75; 49; n. def.; 20
26-12-13; 88; 55; n. def.; 30
25-12-13; 28; 24; n. def.; 19
24-12-13; 10; 15; n. def.; 17
23-12-13; 113; 65; n. def.; 17
22-12-13; 54; 42; n. def.; 15
21-12-13; 55; 47; n. def.; 23
20-12-13; 132; 61; n. def.; 39
19-12-13; 43; 38; n. def.; 29
18-12-13; 60; 41; n. def.; 33
17-12-13; 56; 45; n. def.; 34
16-12-13; 64; 52; n. def.; 30
15-12-13; 68; 50; n. def.; 20
14-12-13; 105; 59; n. def.; 21
13-12-13; 164; 64; n. def.; 22
12-12-13; 132; 61; n. def.; 20
11-12-13; 207; 79; n. def.; 40
10-12-13; 180; 74; n. def.; 24
09-12-13; 45; 34; n. def.; 10
08-12-13; 43; 32; n. def.; 13
07-12-13; 35; 23; n. def.; 13
06-12-13; 33; 21; n. def.; 19
05-12-13; 91; 49; n. def.; 22
04-12-13; 103; 57; n. def.; 37
03-12-13; 106; 60; n. def.; 38
02-12-13; 185; 87; n. def.; 42
01-12-13; 32; 23; n. def.; 15
30-11-13; 50; 32; n. def.; 11
29-11-13; 83; 47; n. def.; 21
28-11-13; 62; 40; n. def.; 17
27-11-13; 165; 76; n. def.; 38
26-11-13; 80; 50; n. def.; 18
25-11-13; 46; 37; n. def.; 16
24-11-13; 14; 17; n. def.; 10
23-11-13; 87; 46; n. def.; 28
22-11-13; 154; 58; n. def.; 29
21-11-13; 120; 55; n. def.; 21
20-11-13; 35; 30; n. def.; 21
19-11-13; 143; 60; n. def.; 43
18-11-13; 218; 79; n. def.; 49
17-11-13; 88; 44; n. def.; 28
16-11-13; 88; 47; n. def.; 48
15-11-13; 157; 69; n. def.; 55
14-11-13; 100; 53; n. def.; 29
13-11-13; 137; 67; n. def.; 35
12-11-13; 227; 85; n. def.; 39
11-11-13; 114; 60; n. def.; 25
10-11-13; 36; 30; n. def.; 11
09-11-13; 61; 42; n. def.; 10
08-11-13; 131; 70; n. def.; 17
07-11-13; 68; 38; n. def.; 10
06-11-13; 68; 41; n. def.; 16
05-11-13; 96; 48; n. def.; 15
04-11-13; 79; 52; n. def.; 11
03-11-13; 36; 29; n. def.; 8
02-11-13; 51; 40; n. def.; 19
01-11-13; 108; 59; n. def.; 41
31-10-13; 63; 49; n. def.; 27
30-10-13; 104; 58; n. def.; 23
29-10-13; 103; 57; n. def.; 18
28-10-13; 79; 44; n. def.; 21
27-10-13; 36; 33; n. def.; 13
26-10-13; 50; 45; n. def.; 19
25-10-13; 68; 42; n. def.; 21
24-10-13; 103; 58; n. def.; 21
23-10-13; 77; 42; n. def.; 25
22-10-13; 50; 34; n. def.; 21
21-10-13; 104; 61; n. def.; 22
20-10-13; 34; 35; n. def.; 30
19-10-13; 31; 28; n. def.; 18
18-10-13; 76; 51; n. def.; 17
17-10-13; 99; 49; n. def.; 20
16-10-13; 97; 54; n. def.; 31
15-10-13; 140; 67; n. def.; 31
14-10-13; 80; 48; n. def.; 23
13-10-13; 74; 45; n. def.; 22
12-10-13; 103; 56; n. def.; 21
11-10-13; 174; 75; n. def.; 19
10-10-13; 89; 47; n. def.; 24
09-10-13; 146; 68; n. def.; 43
08-10-13; 120; 67; n. def.; 47
07-10-13; 166; 70; n. def.; 44
06-10-13; 82; 56; n. def.; 48
05-10-13; 42; 36; n. def.; 26
04-10-13; 30; 24; n. def.; 24
03-10-13; 17; 19; n. def.; 20
02-10-13; 117; 52; n. def.; 27
01-10-13; 134; 63; n. def.; 32
30-09-13; 122; 49; n. def.; 23
29-09-13; 37; 26; n. def.; 15
28-09-13; 89; 54; n. def.; 21
27-09-13; 142; 65; n. def.; 23
26-09-13; 109; 56; n. def.; 30
25-09-13; 108; 51; n. def.; 20
24-09-13; 66; 38; n. def.; 17
23-09-13; 51; 32; n. def.; 17
22-09-13; 46; 34; n. def.; 18
21-09-13; 53; 35; n. def.; 19
20-09-13; 105; 50; n. def.; 20
19-09-13; 82; 46; n. def.; 22
18-09-13; 69; 37; n. def.; 13
17-09-13; 93; 47; n. def.; 20
16-09-13; 93; 57; n. def.; 17
15-09-13; 50; 40; n. def.; 14
14-09-13; 48; 43; n. def.; 19
13-09-13; 70; 47; n. def.; n. def.
12-09-13; 109; 62; n. def.; 22
11-09-13; 103; 52; n. def.; 16
10-09-13; 87; 51; n. def.; 17
09-09-13; 69; 46; n. def.; 14
08-09-13; 23; 35; n. def.; 25
07-09-13; 28; 35; n. def.; 24
06-09-13; 51; 47; n. def.; 24
05-09-13; 89; 47; n. def.; 19
04-09-13; 115; 56; n. def.; 20
03-09-13; 59; 36; n. def.; 20
02-09-13; 67; 38; n. def.; 23
01-09-13; 25; 20; n. def.; 17
31-08-13; 36; 42; n. def.; 31
30-08-13; 115; 91; n. def.; 33
29-08-13; 102; 71; n. def.; 30
28-08-13; 92; 65; n. def.; 31
27-08-13; 103; 63; n. def.; 26
26-08-13; 64; 45; n. def.; 22
25-08-13; 32; 32; n. def.; 18
24-08-13; 42; 37; n. def.; 24
23-08-13; 132; 84; n. def.; 34
22-08-13; 97; 67; n. def.; 26
21-08-13; 116; 68; n. def.; 25
20-08-13; 62; 43; n. def.; 20
19-08-13; 89; 55; n. def.; 20
18-08-13; 32; 42; n. def.; 22
17-08-13; 40; 58; n. def.; 31
16-08-13; 58; 54; n. def.; 27
15-08-13; 81; 62; n. def.; 24
14-08-13; 61; 46; n. def.; 20
13-08-13; 58; 45; n. def.; 19
12-08-13; 64; 56; n. def.; 21
11-08-13; 24; 29; n. def.; 19
10-08-13; 43; 46; n. def.; 20
09-08-13; n. def.; n. def.; n. def.; 23
08-08-13; n. def.; n. def.; n. def.; 29
07-08-13; 52; 46; n. def.; 21
06-08-13; 52; 48; n. def.; 25
05-08-13; 46; 36; n. def.; 24
04-08-13; 25; 35; n. def.; 21
03-08-13; 24; 42; n. def.; 27
02-08-13; 46; 53; n. def.; 27
01-08-13; 66; 49; n. def.; 21
31-07-13; 52; 35; n. def.; 15
30-07-13; 43; 34; n. def.; 21
29-07-13; 49; 40; n. def.; 19
28-07-13; 28; 40; n. def.; 23
27-07-13; 26; 44; n. def.; 26
26-07-13; 60; 64; n. def.; 29
25-07-13; 76; 75; n. def.; 33
24-07-13; 62; 54; n. def.; 27
23-07-13; 71; 70; n. def.; 31
22-07-13; 73; 67; n. def.; 22
21-07-13; 26; 30; n. def.; 15
20-07-13; 44; 41; n. def.; 20
19-07-13; 51; 40; n. def.; 25
18-07-13; 89; 66; n. def.; 35
17-07-13; 80; 65; n. def.; 27
16-07-13; 70; 59; n. def.; 24
15-07-13; 49; 37; n. def.; 19
14-07-13; 20; 20; n. def.; 19
13-07-13; 39; 37; n. def.; 18
12-07-13; 56; 39; n. def.; 20
11-07-13; 62; 37; n. def.; 17
10-07-13; 48; 40; n. def.; 27
09-07-13; 76; 64; n. def.; 34
08-07-13; 76; 60; n. def.; 25
07-07-13; 34; 38; n. def.; 20
06-07-13; 63; 50; n. def.; 26
05-07-13; 77; 55; n. def.; 34
04-07-13; 67; 46; n. def.; 20
03-07-13; 70; 55; n. def.; 24
02-07-13; 81; 59; n. def.; 24
01-07-13; 64; 46; n. def.; 18
30-06-13; 23; 17; n. def.; 17
29-06-13; 49; 34; n. def.; 13
28-06-13; 106; 64; n. def.; 23
27-06-13; 103; 58; n. def.; 21
26-06-13; 55; 34; n. def.; 13
25-06-13; 42; 28; n. def.; 10
24-06-13; 90; 48; n. def.; 19
23-06-13; 31; 26; n. def.; 12
22-06-13; 41; 41; n. def.; 15
21-06-13; 60; 50; n. def.; 18
20-06-13; 50; 58; n. def.; 41
19-06-13; 42; 45; n. def.; 38
18-06-13; 57; 63; n. def.; 41
17-06-13; 65; 49; n. def.; 24
16-06-13; 27; 28; n. def.; 13
15-06-13; 36; 37; n. def.; 19
14-06-13; 61; 47; n. def.; 18
13-06-13; 71; 61; n. def.; 24
12-06-13; 90; 68; n. def.; 28
11-06-13; 73; 51; n. def.; 20
10-06-13; 76; 49; n. def.; 25
09-06-13; 36; 37; n. def.; 25
08-06-13; 47; 46; n. def.; 30
07-06-13; 85; 61; n. def.; 33
06-06-13; 77; 53; n. def.; 26
05-06-13; 76; 48; n. def.; 18
04-06-13; 66; 43; n. def.; 26
03-06-13; 57; 37; n. def.; 18
02-06-13; 14; 13; n. def.; 5
01-06-13; 42; 31; n. def.; 18
31-05-13; 104; 61; n. def.; 25
30-05-13; 68; 38; n. def.; 20
29-05-13; 74; 55; n. def.; 19
28-05-13; 121; 69; n. def.; 27
27-05-13; 80; 38; n. def.; 12
26-05-13; 32; 22; n. def.; 5
25-05-13; 32; 27; n. def.; 23
24-05-13; 58; 40; n. def.; 22
23-05-13; 74; 49; n. def.; 22
22-05-13; 63; 37; n. def.; 17
21-05-13; 61; 46; n. def.; 13
20-05-13; 28; 24; n. def.; 8
19-05-13; 33; 29; n. def.; 22
18-05-13; 52; 44; n. def.; 18
17-05-13; 37; 30; n. def.; 23
16-05-13; 35; 32; n. def.; 30
15-05-13; 46; 29; n. def.; 21
14-05-13; 72; 48; n. def.; 20
13-05-13; 72; 44; n. def.; 22
12-05-13; 32; 30; n. def.; 15
11-05-13; 55; 45; n. def.; 26
10-05-13; 98; 56; n. def.; 26
09-05-13; 22; 24; n. def.; 21
08-05-13; 70; 44; n. def.; 26
07-05-13; 115; 59; n. def.; 41
06-05-13; 75; 50; n. def.; 42
05-05-13; 36; 45; n. def.; 40
04-05-13; 63; 49; n. def.; 45
03-05-13; 95; 62; n. def.; 45
02-05-13; 114; 56; n. def.; 53
01-05-13; 19; 20; n. def.; 40
30-04-13; 122; 65; n. def.; 43
29-04-13; 95; 49; n. def.; 31
28-04-13; 29; 30; n. def.; 23
27-04-13; 37; 31; n. def.; 11
26-04-13; 63; 57; n. def.; 36
25-04-13; 91; 68; n. def.; 61
24-04-13; 69; 55; n. def.; 52
23-04-13; 61; 46; n. def.; 59
22-04-13; 71; 51; n. def.; 64
21-04-13; 36; 37; n. def.; 38
20-04-13; 48; 36; n. def.; 30
19-04-13; 55; 49; n. def.; 43
18-04-13; 61; 52; n. def.; 36
17-04-13; 98; 64; n. def.; 41
16-04-13; 54; 48; n. def.; 34
15-04-13; 28; 29; n. def.; 23
14-04-13; 25; 30; n. def.; 21
13-04-13; 41; 37; n. def.; 19
12-04-13; 81; 58; n. def.; 23
11-04-13; 73; 51; n. def.; 24
10-04-13; 110; 64; n. def.; 35
09-04-13; 52; 52; n. def.; n. def.
08-04-13; 55; 48; n. def.; n. def.
07-04-13; 28; 35; n. def.; 27
06-04-13; 44; 42; n. def.; 34
05-04-13; 87; 65; n. def.; 56
04-04-13; 79; 62; n. def.; 54
03-04-13; 62; 52; n. def.; 45
02-04-13; 60; 49; n. def.; 37
01-04-13; 22; 30; n. def.; 24
31-03-13; 21; 34; n. def.; 48
30-03-13; 59; 64; n. def.; 70
29-03-13; 28; 36; n. def.; 54
28-03-13; 72; 60; n. def.; 53
27-03-13; 39; 35; n. def.; 36
26-03-13; 52; 39; n. def.; 32
25-03-13; 61; 37; n. def.; 36
24-03-13; 10; 16; n. def.; 28
23-03-13; 20; 21; n. def.; 32
22-03-13; 67; 52; n. def.; 31
21-03-13; 36; 43; n. def.; 36
20-03-13; 101; 74; n. def.; 47
19-03-13; 49; 52; n. def.; 54
18-03-13; 50; 41; n. def.; 40
17-03-13; 8; 15; n. def.; 29
16-03-13; 36; 50; n. def.; 43
15-03-13; 57; 52; n. def.; 46
14-03-13; 105; 76; n. def.; 45
13-03-13; 80; 61; n. def.; 39
12-03-13; 85; 54; n. def.; 35
11-03-13; 60; 42; n. def.; 31
10-03-13; 33; 31; n. def.; 36
09-03-13; 63; 42; n. def.; 36
08-03-13; 74; 45; n. def.; 36
07-03-13; 60; 48; n. def.; 70
06-03-13; 42; 44; n. def.; 42
05-03-13; 30; 32; n. def.; 32
04-03-13; 73; 50; n. def.; 35
03-03-13; 26; 28; n. def.; 32
02-03-13; 61; 50; n. def.; 49
01-03-13; 44; 40; n. def.; 26
28-02-13; 136; 70; n. def.; 46
27-02-13; 120; 59; n. def.; 28
26-02-13; 121; 59; n. def.; 56
25-02-13; 158; 77; n. def.; 63
24-02-13; 89; 59; n. def.; 56
23-02-13; 51; 45; n. def.; 45
22-02-13; 64; 45; n. def.; 54
21-02-13; 80; 58; n. def.; 24
20-02-13; 30; 35; n. def.; 11
19-02-13; 43; 36; n. def.; 26
18-02-13; 73; 49; n. def.; 56
17-02-13; 67; 47; n. def.; 72
16-02-13; 121; 78; n. def.; 93
15-02-13; 216; 103; n. def.; 81
14-02-13; 98; 63; n. def.; 61
13-02-13; 66; 51; n. def.; 55
12-02-13; 108; 59; n. def.; 67
11-02-13; 38; 30; n. def.; 38
10-02-13; 37; 39; n. def.; 26
09-02-13; 39; 33; n. def.; 24
08-02-13; 74; 50; n. def.; 24
07-02-13; 106; 58; n. def.; 26
06-02-13; 139; 78; n. def.; 26
05-02-13; 58; 41; n. def.; 15
04-02-13; 56; 36; n. def.; 9
03-02-13; 22; 23; n. def.; 16
02-02-13; 20; 25; n. def.; 9
01-02-13; 70; 47; n. def.; 20
31-01-13; 47; 32; n. def.; 17
30-01-13; 50; 29; n. def.; 8
29-01-13; 64; 39; n. def.; 11
28-01-13; 132; 71; n. def.; 44
27-01-13; 22; 36; n. def.; 56
26-01-13; 56; 51; n. def.; 61
25-01-13; 156; 77; n. def.; 91
24-01-13; 92; 56; n. def.; 72
23-01-13; 125; 69; n. def.; 80
22-01-13; 136; 63; n. def.; 75
21-01-13; 97; 47; n. def.; 87
20-01-13; 36; 33; n. def.; 79
19-01-13; 39; 30; n. def.; 49
18-01-13; 78; 45; n. def.; 28
17-01-13; 86; 50; n. def.; 56
16-01-13; 116; 57; n. def.; 85
15-01-13; 109; 60; n. def.; 49
14-01-13; 140; 66; n. def.; 48
13-01-13; 26; 24; n. def.; 26
12-01-13; 37; 29; n. def.; 16
11-01-13; 40; 30; n. def.; 10
10-01-13; 53; 36; n. def.; 15
09-01-13; 126; 54; n. def.; 15
08-01-13; 85; 45; n. def.; 22
07-01-13; 133; 63; n. def.; 16
06-01-13; 11; 14; n. def.; 5
05-01-13; 24; 24; n. def.; 5
04-01-13; 29; 24; n. def.; 14
03-01-13; 44; 28; n. def.; 10
02-01-13; 51; 32; n. def.; 13
01-01-13; 30; 32; n. def.; 39

Datum Zeit; Dresden-Bergstraße PM2.5; Dresden-Nord BEN; Dresden-Nord NO; Dresden-Nord NO2
; µg/m³; µg/m³; µg/m³; µg/m³
30-12-13; 10,84; 1,9; 29; 41
29-12-13; 7,40; 1,8; 18; 33
28-12-13; 10,74; 1,6; 8; 22
27-12-13; 9,66; 1,5; 16; 32
26-12-13; 20,19; 2,9; 44; 44
25-12-13; 14,47; 1,8; 9; 22
24-12-13; 12,91; 2,2; 3; 16
23-12-13; 8,13; 1,9; 30; 45
22-12-13; 10,76; 2,0; 17; 35
21-12-13; 16,87; 2,3; 19; 39
20-12-13; 27,87; 4,3; 56; 41
19-12-13; 22,44; n. def.; 18; 32
18-12-13; 26,24; n. def.; 28; 35
17-12-13; 25,32; 3,0; 22; 39
16-12-13; 18,24; n. def.; 23; 43
15-12-13; 11,03; 2,2; 27; 43
14-12-13; 14,09; 2,8; 54; 43
13-12-13; 13,67; 2,6; 57; 39
12-12-13; 11,08; 2,5; 42; 40
11-12-13; 20,64; 2,8; 75; 43
10-12-13; 14,44; 2,6; 82; 47
09-12-13; 6,06; 1,3; 25; 34
08-12-13; 8,59; 1,6; 20; 31
07-12-13; 6,06; 1,2; 18; 26
06-12-13; 4,96; 1,0; 18; 22
05-12-13; 11,68; 1,8; 43; 46
04-12-13; 26,03; 2,9; 50; 47
03-12-13; 25,00; 2,9; 42; 46
02-12-13; 16,82; 2,5; 67; 54
01-12-13; 7,36; 1,5; 17; 26
30-11-13; 5,93; 1,7; 24; 33
29-11-13; 8,54; 1,9; 44; 46
28-11-13; 8,94; 1,9; 38; 42
27-11-13; 17,04; n. def.; 74; 53
26-11-13; 9,84; n. def.; 69; 50
25-11-13; 7,44; 1,6; 34; 43
24-11-13; 5,31; 1,5; 11; 22
23-11-13; 18,57; 3,1; 13; 24
22-11-13; 20,09; 3,4; 20; 26
21-11-13; 13,84; 1,9; 15; 30
20-11-13; 15,41; 2,8; 25; 31
19-11-13; 28,82; 3,6; 57; 35
18-11-13; 29,87; 4,3; 83; 44
17-11-13; 19,03; 3,1; 23; 28
16-11-13; 33,61; 3,2; 40; 37
15-11-13; 34,30; n. def.; 28; 32
14-11-13; 16,60; n. def.; 22; 34
13-11-13; 17,68; 3,3; 73; 52
12-11-13; 20,56; 2,9; 51; 45
11-11-13; 14,15; 2,0; 33; 43
10-11-13; 6,44; 2,1; 17; 31
09-11-13; 5,84; 1,9; 18; 35
08-11-13; 8,87; 1,9; 26; 41
07-11-13; 4,96; 1,9; 30; 35
06-11-13; 8,07; n. def.; 31; 39
05-11-13; 8,70; n. def.; 38; 43
04-11-13; n. def.; n. def.; 14; 27
03-11-13; 3,90; n. def.; 20; 30
02-11-13; 12,51; n. def.; 23; 37
01-11-13; 25,62; n. def.; 35; 44
31-10-13; 15,46; n. def.; 14; 34
30-10-13; 10,90; n. def.; 57; 56
29-10-13; 9,03; n. def.; 34; 47
28-10-13; 11,18; 0,4; 20; 30
27-10-13; 7,51; 0,8; 20; 33
26-10-13; 11,73; 1,0; 19; 36
25-10-13; 12,15; 1,0; 31; 31
24-10-13; 10,69; 1,1; n. def.; n. def.
23-10-13; 16,09; 0,7; n. def.; n. def.
22-10-13; 12,12; 1,0; 24; 24
21-10-13; 11,73; 1,5; 67; 53
20-10-13; 22,45; 1,1; 13; 27
19-10-13; 11,32; 0,7; 11; 20
18-10-13; 8,13; 0,8; 33; 40
17-10-13; 10,75; 0,9; 34; 34
16-10-13; 20,65; 1,2; 45; 43
15-10-13; 20,03; 1,6; 40; 39
14-10-13; 15,30; 1,1; 25; 31
13-10-13; 13,42; 1,3; 22; 28
12-10-13; 12,31; 1,1; 29; 33
11-10-13; 11,13; 1,2; 56; 44
10-10-13; 16,51; 0,8; 28; 34
09-10-13; 26,80; 1,2; 32; 39
08-10-13; 30,31; 1,3; 26; 41
07-10-13; 27,11; 1,4; 33; 38
06-10-13; 31,70; 1,5; 23; 37
05-10-13; 16,85; 0,7; 6; 22
04-10-13; 10,78; 0,5; 13; 18
03-10-13; 13,68; 0,7; 10; 18
02-10-13; 17,07; 1,1; 29; 27
01-10-13; n. def.; 1,0; 27; 25
30-09-13; 13,38; 0,8; 21; 20
29-09-13; 9,82; 0,7; 8; 14
28-09-13; 11,98; 0,6; 12; 20
27-09-13; 13,47; 0,9; 33; 33
26-09-13; 20,11; 0,6; 21; 29
25-09-13; 10,49; 0,5; 12; 21
24-09-13; 8,47; 0,5; 32; 31
23-09-13; 9,31; 0,6; 23; 25
22-09-13; 11,35; 0,9; 22; 27
21-09-13; 12,61; 0,7; 23; 30
20-09-13; 10,97; 0,8; 36; 38
19-09-13; 10,64; 0,7; 33; 39
18-09-13; 8,00; 0,6; 23; 28
17-09-13; 9,92; 0,7; 32; 36
16-09-13; 7,57; 0,7; 33; 39
15-09-13; 7,58; 0,7; 16; 24
14-09-13; 12,29; 0,6; 14; 27
13-09-13; 18,35; 0,8; 27; 35
12-09-13; 13,88; 0,7; 25; 40
11-09-13; 8,25; 0,6; 22; 32
10-09-13; 8,32; 0,5; 16; 30
09-09-13; 7,49; 0,5; 26; 36
08-09-13; 16,51; 0,7; 8; 28
07-09-13; 15,32; 0,6; 6; 21
06-09-13; 16,74; 0,7; 10; 29
05-09-13; 12,14; 0,6; 19; 20
04-09-13; 11,83; 0,6; 27; 29
03-09-13; 10,84; 0,5; 26; 29
02-09-13; 11,22; 0,4; 24; 28
01-09-13; 5,23; 0,3; 11; 19
31-08-13; 18,06; 0,6; 10; 29
30-08-13; 16,79; 0,9; 20; 51
29-08-13; 14,92; 0,8; 23; 40
28-08-13; 15,92; 0,7; 20; 37
27-08-13; 13,16; 0,5; 12; 23
26-08-13; 10,11; 0,3; 8; 17
25-08-13; 11,65; 0,6; 15; 27
24-08-13; 15,11; 0,5; 12; 25
23-08-13; 18,36; n. def.; 38; 46
22-08-13; 15,35; n. def.; 20; 26
21-08-13; 13,96; 0,5; 23; 25
20-08-13; 9,69; 0,3; 23; 28
19-08-13; 10,26; 0,6; 31; 43
18-08-13; 11,88; 0,6; 16; 38
17-08-13; 17,19; 0,6; 10; 32
16-08-13; 15,55; 0,5; 18; 38
15-08-13; 13,25; 0,5; 23; 33
14-08-13; 8,43; 0,5; 36; 38
13-08-13; 9,43; 0,3; 30; 34
12-08-13; 10,96; 0,5; 30; 42
11-08-13; 8,07; 0,5; 16; 27
10-08-13; 10,38; 0,5; 21; 31
09-08-13; 11,38; 0,5; 25; 37
08-08-13; 12,83; 0,5; 23; 35
07-08-13; 10,26; 0,4; 17; 33
06-08-13; 13,68; 0,6; 20; 42
05-08-13; 12,28; 0,5; 19; 29
04-08-13; 12,48; 0,4; 11; 27
03-08-13; 15,28; 0,5; 12; 40
02-08-13; 16,17; 0,4; 16; 41
01-08-13; 11,50; 0,5; 22; 29
31-07-13; 7,68; 0,4; 31; 35
30-07-13; 11,94; 0,4; 29; 36
29-07-13; 10,43; 0,4; 25; 36
28-07-13; 13,19; 0,4; 13; 35
27-07-13; 16,82; 0,5; 14; 38
26-07-13; 17,42; 0,6; 20; 49
25-07-13; 19,74; 0,5; 21; 46
24-07-13; 12,28; 0,4; 16; 27
23-07-13; 16,74; 0,3; 12; 26
22-07-13; 12,44; 0,4; 23; 42
21-07-13; 8,97; 0,3; 10; 17
20-07-13; 11,14; 0,3; 13; 22
19-07-13; 12,89; 0,5; 26; 38
18-07-13; 18,97; 0,5; 19; 30
17-07-13; 16,88; 0,4; 16; 31
16-07-13; 15,29; 0,5; 23; 36
15-07-13; 8,91; 0,4; 20; 25
14-07-13; 10,95; 0,3; 13; 21
13-07-13; 10,66; 0,6; 18; 34
12-07-13; 9,31; 0,4; 22; 29
11-07-13; 8,30; 0,4; 27; 30
10-07-13; 14,15; 0,5; 19; 31
09-07-13; 20,33; 0,6; 16; 31
08-07-13; 15,24; 0,4; 14; 26
07-07-13; 12,94; 0,4; 6; 16
06-07-13; 15,58; 0,6; 9; 20
05-07-13; 18,98; 0,7; 25; 42
04-07-13; 11,84; 0,5; 25; 33
03-07-13; 13,35; 0,5; 14; 31
02-07-13; 13,64; 0,5; 18; 30
01-07-13; 10,08; 0,5; 22; 36
30-06-13; 6,42; 0,3; 13; 17
29-06-13; 7,49; 0,5; 15; 24
28-06-13; 13,71; 0,7; 25; 34
27-06-13; 12,02; 0,5; 24; 32
26-06-13; 5,90; 0,3; 24; 26
25-06-13; 5,88; 0,3; 17; 23
24-06-13; 9,23; 0,4; 23; 29
23-06-13; 6,72; 0,4; 13; 22
22-06-13; 8,94; 0,6; 12; 27
21-06-13; 8,74; 0,5; 22; 38
20-06-13; 27,77; 0,4; 7; 25
19-06-13; 25,84; n. def.; 9; 24
18-06-13; 25,85; n. def.; 14; 38
17-06-13; 14,24; 0,3; 10; 20
16-06-13; 6,75; 0,4; 11; 23
15-06-13; 9,69; 0,6; 15; 30
14-06-13; 8,78; 0,4; 22; 32
13-06-13; 12,97; 0,4; 16; 35
12-06-13; 13,72; 0,5; 14; 31
11-06-13; 9,58; 0,5; 24; 29
10-06-13; 13,14; 0,5; 20; 33
09-06-13; 15,52; 0,8; 15; 31
08-06-13; 19,70; 0,8; 16; 31
07-06-13; 20,47; 1,0; 39; 50
06-06-13; 13,66; 0,6; 24; 30
05-06-13; 8,20; 0,4; 19; 22
04-06-13; 12,73; 0,5; 32; 38
03-06-13; 7,80; 0,5; 37; 38
02-06-13; 3,60; 0,2; 12; 18
01-06-13; 12,01; 0,8; 24; 28
31-05-13; 11,95; 0,7; 27; 35
30-05-13; 9,90; 0,7; 41; 37
29-05-13; 11,35; 0,5; 18; 41
28-05-13; 15,75; 0,8; 45; 52
27-05-13; 6,84; 0,6; 37; 30
26-05-13; 2,91; 0,4; 12; 21
25-05-13; 12,93; 0,4; 13; 24
24-05-13; 12,48; 0,5; 28; 36
23-05-13; 9,75; 0,3; 20; 30
22-05-13; 7,03; 0,4; 21; 30
21-05-13; 6,31; 0,5; 24; 38
20-05-13; 4,51; 0,4; 12; 24
19-05-13; 12,87; 0,6; 10; 16
18-05-13; 10,18; 0,7; 19; 32
17-05-13; 11,34; 0,3; 8; 19
16-05-13; 15,88; 0,3; 8; 23
15-05-13; 17,00; 0,4; 12; 24
14-05-13; 13,38; 0,5; 28; 38
13-05-13; 11,97; 0,6; 30; 37
12-05-13; 10,84; 0,5; 14; 28
11-05-13; 16,79; 0,6; 12; 27
10-05-13; 13,05; 0,9; 37; 44
09-05-13; 13,74; 0,4; 6; 21
08-05-13; 17,01; 0,5; 20; 30
07-05-13; 25,73; 0,9; 30; 41
06-05-13; 26,84; 0,7; 17; 31
05-05-13; 26,82; 1,0; 13; 30
04-05-13; 26,68; 1,1; 23; 41
03-05-13; 24,34; 0,6; 11; 31
02-05-13; 37,02; 0,7; 15; 28
01-05-13; 29,09; 0,7; 3; 14
30-04-13; 31,27; 0,8; 23; 38
29-04-13; 21,23; 0,8; 31; 43
28-04-13; 10,90; 0,3; 7; 21
27-04-13; 7,57; 0,3; 5; 16
26-04-13; 22,89; 0,6; 20; 52
25-04-13; 36,22; 0,8; 24; 43
24-04-13; 32,82; 0,7; 23; 43
23-04-13; 36,80; 0,7; 30; 50
22-04-13; 40,09; 1,1; 37; 51
21-04-13; 23,34; 0,7; 5; 18
20-04-13; 15,61; 0,3; 2; 16
19-04-13; 16,04; 0,6; 31; 54
18-04-13; 19,07; 0,6; 24; 49
17-04-13; 23,01; 0,7; 27; 43
16-04-13; 21,96; 0,6; 16; 38
15-04-13; 17,18; 0,5; 11; 27
14-04-13; 13,95; 0,8; 9; 26
13-04-13; 13,28; 0,7; 20; 39
12-04-13; 13,74; 0,8; 34; 48
11-04-13; 15,44; 0,7; 27; 42
10-04-13; 21,12; 1,1; 37; 50
09-04-13; 36,30; 1,1; 14; 38
08-04-13; 20,14; 0,7; 16; 31
07-04-13; 16,35; 0,7; 12; 33
06-04-13; 22,63; 1,0; 14; 34
05-04-13; 32,41; n. def.; 3; 29
04-04-13; 31,03; n. def.; 3; 22
03-04-13; 29,27; 0,9; 2; 21
02-04-13; 24,26; 0,8; 11; 27
01-04-13; 16,37; 0,6; 12; 31
31-03-13; 36,69; 1,2; 9; 32
30-03-13; 51,36; 1,3; 10; 42
29-03-13; 42,88; 1,6; 17; 43
28-03-13; 37,89; 1,4; 22; 47
27-03-13; 23,78; 0,9; 8; 23
26-03-13; 20,39; 0,8; 4; 17
25-03-13; 23,42; 0,8; 7; 19
24-03-13; 21,17; 0,9; 4; 17
23-03-13; 21,55; 0,8; 5; 14
22-03-13; 23,16; 1,0; 14; 31
21-03-13; 26,34; 1,2; 28; 51
20-03-13; 36,38; 1,2; 21; 49
19-03-13; 43,77; 1,6; 33; 57
18-03-13; 27,84; 1,1; 10; 28
17-03-13; 22,88; 0,6; 4; 14
16-03-13; 28,44; 0,8; 11; 34
15-03-13; 32,29; 1,0; 37; 56
14-03-13; 34,79; 1,3; 44; 66
13-03-13; 28,54; 1,1; 12; 41
12-03-13; 24,02; 0,9; 4; 22
11-03-13; 22,76; n. def.; 9; 26
10-03-13; 26,26; 1,8; 18; 25
09-03-13; 26,37; 1,4; 6; 18
08-03-13; 26,77; 1,4; 5; 20
07-03-13; 47,63; 2,2; 26; 44
06-03-13; 28,72; 1,3; 22; 44
05-03-13; 20,86; 0,8; 10; 26
04-03-13; 19,06; 0,9; 28; 41
03-03-13; 20,24; 0,9; 24; 40
02-03-13; 30,66; 1,2; 40; 56
01-03-13; 16,05; 0,9; 40; 49
28-02-13; 34,50; 1,9; 58; 51
27-02-13; 21,53; 1,4; 13; 32
26-02-13; 40,47; 1,7; 17; 32
25-02-13; 47,78; 2,4; 31; 41
24-02-13; 40,82; 2,8; 49; 48
23-02-13; 34,31; 1,7; 27; 39
22-02-13; 43,74; 1,6; 7; 25
21-02-13; 16,17; 0,8; 13; 37
20-02-13; 7,32; 0,8; 15; 32
19-02-13; 18,11; 1,1; 27; 36
18-02-13; 42,71; 1,9; 50; 49
17-02-13; 59,59; 2,5; 12; 29
16-02-13; 76,19; 2,5; 34; 54
15-02-13; 67,58; 2,8; 83; 74
14-02-13; 49,03; 1,7; 20; 43
13-02-13; 41,59; 2,0; 37; 55
12-02-13; 49,48; 2,1; 9; 33
11-02-13; 28,08; 1,5; 19; 30
10-02-13; 18,09; 0,9; 10; 28
09-02-13; 16,31; 1,0; 25; 39
08-02-13; 15,62; 1,2; 47; 57
07-02-13; 17,87; 1,5; 48; 51
06-02-13; 13,95; 1,6; 63; 66
05-02-13; 7,79; 0,7; 31; 42
04-02-13; 5,42; 0,7; 31; 35
03-02-13; 6,75; 0,8; 18; 32
02-02-13; 5,84; 0,7; 14; 28
01-02-13; 8,97; 0,8; 31; 39
31-01-13; 6,66; 0,5; 24; 27
30-01-13; 4,17; 0,5; 25; 29
29-01-13; 6,25; 0,9; 28; 42
28-01-13; 27,75; 2,1; 74; 63
27-01-13; 43,62; 2,0; 11; 33
26-01-13; 47,29; 2,6; 42; 48
25-01-13; 69,58; 2,4; 22; 43
24-01-13; 54,27; n. def.; 14; 41
23-01-13; 59,40; n. def.; 20; 48
22-01-13; 58,18; 2,2; 10; 31
21-01-13; 71,18; 2,5; 8; 27
20-01-13; 62,78; 2,3; 10; 23
19-01-13; 37,27; 1,4; 6; 17
18-01-13; 19,42; 0,9; 6; 18
17-01-13; 46,44; 1,6; 16; 30
16-01-13; 68,32; 2,5; 30; 38
15-01-13; 37,71; 1,8; 26; 40
14-01-13; 36,90; 2,1; 31; 39
13-01-13; 19,31; 1,4; 13; 21
12-01-13; 11,19; 0,9; 25; 31
11-01-13; 5,72; 0,6; 29; 35
10-01-13; 6,98; 0,7; 32; 39
09-01-13; 10,14; 1,1; 50; 42
08-01-13; 17,19; 1,0; 42; 38
07-01-13; 9,79; 0,8; 20; 35
06-01-13; 3,89; 0,5; 13; 20
05-01-13; 3,25; 0,3; 9; 20
04-01-13; 6,96; 0,5; 21; 27
03-01-13; 5,72; 0,6; 22; 27
02-01-13; 6,79; 0,7; 29; 33
01-01-13; 26,59; 0,9; 11; 27

Datum Zeit; Dresden-Nord O3; Dresden-Nord PM10; Dresden-Nord PM2.5; Dresden-Nord SO2
; µg/m³; µg/m³; µg/m³; µg/m³
30-12-13; 17; 19; 9,41; n. def.
29-12-13; 32; 15; 7,60; n. def.
28-12-13; 25; 15; 10,73; n. def.
27-12-13; 30; 18; 9,24; n. def.
26-12-13; 5; 31; 20,94; n. def.
25-12-13; 35; 20; 14,48; n. def.
24-12-13; 34; 17; 13,32; n. def.
23-12-13; 30; 15; 6,45; n. def.
22-12-13; 27; 16; 11,53; n. def.
21-12-13; 18; 20; 14,65; n. def.
20-12-13; 2; 38; 29,13; n. def.
19-12-13; 6; 30; 22,24; n. def.
18-12-13; 3; 34; 25,36; n. def.
17-12-13; 6; 34; 24,63; n. def.
16-12-13; 9; 30; 17,55; n. def.
15-12-13; 15; 19; 11,24; n. def.
14-12-13; 5; 22; 14,74; n. def.
13-12-13; 3; 20; 12,58; n. def.
12-12-13; 3; 17; 9,93; n. def.
11-12-13; 2; 30; 18,08; n. def.
10-12-13; 3; 19; 12,74; n. def.
09-12-13; 28; 9; 5,92; n. def.
08-12-13; 29; 12; 8,87; n. def.
07-12-13; 46; 12; 5,42; n. def.
06-12-13; 57; 16; 5,38; n. def.
05-12-13; 24; 23; 12,09; n. def.
04-12-13; 4; 36; 25,55; n. def.
03-12-13; 8; 36; 23,51; n. def.
02-12-13; 8; 34; 15,00; n. def.
01-12-13; 31; 15; 8,21; n. def.
30-11-13; 28; 8; 5,44; n. def.
29-11-13; 24; 22; 8,62; n. def.
28-11-13; 19; 17; 8,09; n. def.
27-11-13; 11; 30; 15,14; n. def.
26-11-13; 12; 25; 12,25; n. def.
25-11-13; 25; 25; 13,19; n. def.
24-11-13; 33; 10; 6,73; n. def.
23-11-13; 6; 21; 17,11; n. def.
22-11-13; 2; 23; 17,63; n. def.
21-11-13; 15; 14; 10,05; n. def.
20-11-13; 13; 21; 16,20; n. def.
19-11-13; 9; 41; 28,60; n. def.
18-11-13; 2; 44; 28,79; n. def.
17-11-13; 4; 22; 17,26; n. def.
16-11-13; 10; 50; 37,69; n. def.
15-11-13; 10; 43; 30,11; n. def.
14-11-13; 13; 26; 15,16; n. def.
13-11-13; 4; 32; 18,33; n. def.
12-11-13; 10; 28; 16,20; n. def.
11-11-13; 15; 19; 13,10; n. def.
10-11-13; 30; 11; 6,85; n. def.
09-11-13; 35; 10; 5,35; n. def.
08-11-13; 24; 11; 6,02; n. def.
07-11-13; 32; 9; 4,20; n. def.
06-11-13; 29; 15; 7,65; n. def.
05-11-13; 23; 14; 7,30; n. def.
04-11-13; 43; 9; 3,53; n. def.
03-11-13; 42; 9; 3,59; n. def.
02-11-13; 15; 19; 12,42; n. def.
01-11-13; 5; 38; 23,29; n. def.
31-10-13; 19; 26; 15,37; n. def.
30-10-13; 23; 26; 11,12; n. def.
29-10-13; 34; 16; 7,04; n. def.
28-10-13; 48; 16; 5,79; n. def.
27-10-13; 37; 15; 7,93; n. def.
26-10-13; 19; 20; 11,15; n. def.
25-10-13; 12; 22; 12,14; n. def.
24-10-13; 14; 26; 12,11; n. def.
23-10-13; 24; 25; 14,93; n. def.
22-10-13; 26; 24; 12,12; n. def.
21-10-13; 10; 27; 13,05; n. def.
20-10-13; 14; 27; 19,88; n. def.
19-10-13; 30; 19; 10,84; n. def.
18-10-13; 31; 17; 7,33; n. def.
17-10-13; 26; 19; 9,72; n. def.
16-10-13; 11; 29; 19,74; n. def.
15-10-13; 12; 31; 18,75; n. def.
14-10-13; 21; 23; 13,55; n. def.
13-10-13; 17; 18; 13,23; n. def.
12-10-13; 10; 16; 10,66; n. def.
11-10-13; 12; 14; 7,88; n. def.
10-10-13; 21; 22; 15,12; n. def.
09-10-13; 12; 41; 25,63; n. def.
08-10-13; 30; 42; 26,79; n. def.
07-10-13; 11; 37; 24,43; n. def.
06-10-13; 10; 45; 30,90; n. def.
05-10-13; 52; 25; 15,72; n. def.
04-10-13; 58; 23; 10,30; n. def.
03-10-13; 44; 21; 12,91; n. def.
02-10-13; 24; 23; 13,18; n. def.
01-10-13; 24; 24; 14,11; n. def.
30-09-13; 31; 19; 10,19; n. def.
29-09-13; 34; 14; 9,22; n. def.
28-09-13; 31; 15; 8,80; n. def.
27-09-13; 16; 18; 10,07; n. def.
26-09-13; 20; 21; 15,52; n. def.
25-09-13; 22; 14; 6,57; n. def.
24-09-13; 23; 16; 7,24; n. def.
23-09-13; 26; 14; 7,87; n. def.
22-09-13; 25; 20; 11,80; n. def.
21-09-13; 28; 19; 12,70; n. def.
20-09-13; 18; 18; 9,26; n. def.
19-09-13; 24; 18; 8,94; n. def.
18-09-13; 23; 13; 6,57; n. def.
17-09-13; 29; 16; 7,67; n. def.
16-09-13; 27; 14; 5,62; n. def.
15-09-13; 26; 12; 7,14; n. def.
14-09-13; 45; 14; 8,84; n. def.
13-09-13; 32; 22; 16,48; n. def.
12-09-13; 26; 15; 9,59; n. def.
11-09-13; 26; 13; 6,01; n. def.
10-09-13; 31; 14; 6,35; n. def.
09-09-13; 32; 11; 5,93; n. def.
08-09-13; 72; 26; 15,94; n. def.
07-09-13; 75; 24; 13,70; n. def.
06-09-13; 60; 25; 15,40; n. def.
05-09-13; 34; 17; 10,13; n. def.
04-09-13; 16; 15; 8,38; n. def.
03-09-13; 19; 18; 9,71; n. def.
02-09-13; 32; 25; 11,33; n. def.
01-09-13; 48; 17; 5,53; n. def.
31-08-13; 61; 27; 16,88; n. def.
30-08-13; 45; 27; 14,09; n. def.
29-08-13; 39; 24; 11,95; n. def.
28-08-13; 40; 24; 12,35; n. def.
27-08-13; 47; 21; 9,35; n. def.
26-08-13; 55; 18; 7,54; n. def.
25-08-13; 47; 21; 12,57; n. def.
24-08-13; 50; 22; 12,37; n. def.
23-08-13; 14; 30; 16,16; n. def.
22-08-13; 50; 27; 10,89; n. def.
21-08-13; 40; 18; 8,86; n. def.
20-08-13; 36; 15; 7,75; n. def.
19-08-13; 30; 19; 7,72; n. def.
18-08-13; 56; 23; 11,95; n. def.
17-08-13; 79; 29; 14,83; n. def.
16-08-13; 67; 24; 12,47; n. def.
15-08-13; 45; 21; 9,73; n. def.
14-08-13; 31; 17; 7,19; n. def.
13-08-13; 35; 16; 7,52; n. def.
12-08-13; 46; 19; 9,12; n. def.
11-08-13; 45; 19; 8,05; n. def.
10-08-13; 41; 19; 10,02; n. def.
09-08-13; 31; 17; 8,27; n. def.
08-08-13; 50; 21; 11,05; n. def.
07-08-13; 57; 22; 9,28; n. def.
06-08-13; 57; 24; 12,11; n. def.
05-08-13; 47; 23; 11,37; n. def.
04-08-13; 67; 19; 10,76; n. def.
03-08-13; 91; 29; 14,19; n. def.
02-08-13; 72; 26; 13,87; n. def.
01-08-13; 49; 19; 9,91; n. def.
31-07-13; 38; 14; 6,55; n. def.
30-07-13; 48; 20; 8,04; n. def.
29-07-13; 53; 18; 8,71; n. def.
28-07-13; 85; 24; 12,49; n. def.
27-07-13; 91; 27; 16,95; n. def.
26-07-13; 69; 29; 17,08; n. def.
25-07-13; 78; 27; 16,36; n. def.
24-07-13; 79; 25; 11,45; n. def.
23-07-13; 83; 25; 13,81; n. def.
22-07-13; 58; 24; 10,85; n. def.
21-07-13; 49; 14; 7,91; n. def.
20-07-13; 57; 19; 9,34; n. def.
19-07-13; 45; 24; 12,13; n. def.
18-07-13; 53; 27; 15,29; n. def.
17-07-13; 56; 24; 13,94; n. def.
16-07-13; 60; 25; 13,43; n. def.
15-07-13; 48; 17; 8,13; n. def.
14-07-13; 56; 20; 12,04; n. def.
13-07-13; 49; 21; 11,53; n. def.
12-07-13; 45; 18; 8,67; n. def.
11-07-13; 36; 19; 7,31; n. def.
10-07-13; 50; 28; 14,70; n. def.
09-07-13; 62; 31; 19,31; n. def.
08-07-13; 58; 23; 14,06; n. def.
07-07-13; 62; 19; 11,76; n. def.
06-07-13; 52; 25; 17,16; n. def.
05-07-13; 33; 33; 18,85; n. def.
04-07-13; 38; 18; 11,28; n. def.
03-07-13; 49; 23; 11,98; n. def.
02-07-13; 56; 22; 12,13; n. def.
01-07-13; 46; 17; 8,75; n. def.
30-06-13; 48; 16; 5,28; n. def.
29-06-13; 43; 12; 6,15; n. def.
28-06-13; 37; 19; 10,39; n. def.
27-06-13; 34; 16; 8,83; n. def.
26-06-13; 42; 13; 5,02; n. def.
25-06-13; 40; 8; 5,29; n. def.
24-06-13; 40; 15; 6,66; n. def.
23-06-13; 52; 12; 6,41; n. def.
22-06-13; 61; 15; 7,55; n. def.
21-06-13; 63; 16; 7,14; n. def.
20-06-13; 103; 37; 24,31; n. def.
19-06-13; 64; 37; 24,89; n. def.
18-06-13; 73; 39; 24,15; n. def.
17-06-13; 61; 21; 11,38; n. def.
16-06-13; 57; 14; 6,57; n. def.
15-06-13; 46; 21; 10,61; n. def.
14-06-13; 47; 18; 7,98; n. def.
13-06-13; 68; 22; 11,70; n. def.
12-06-13; 58; 22; 11,11; n. def.
11-06-13; 40; 16; 7,92; n. def.
10-06-13; 33; 22; 10,38; n. def.
09-06-13; 38; 21; 13,71; n. def.
08-06-13; 35; 28; 17,62; n. def.
07-06-13; 25; 31; 19,89; n. def.
06-06-13; 39; 23; 13,38; n. def.
05-06-13; 44; 14; 6,38; n. def.
04-06-13; 23; 25; 11,15; n. def.
03-06-13; 26; 16; 7,15; n. def.
02-06-13; 46; 8; 4,11; n. def.
01-06-13; 23; 18; 11,81; n. def.
31-05-13; 31; 18; 9,48; n. def.
30-05-13; 22; 18; 9,62; n. def.
29-05-13; 53; 14; 8,67; n. def.
28-05-13; 23; 20; 12,75; n. def.
27-05-13; 15; 11; 5,91; n. def.
26-05-13; 43; 4; 2,51; n. def.
25-05-13; 54; 19; 10,93; n. def.
24-05-13; 37; 19; 11,58; n. def.
23-05-13; 59; 20; 7,24; n. def.
22-05-13; 43; 12; 4,86; n. def.
21-05-13; 50; 13; 4,89; n. def.
20-05-13; 59; 9; 3,51; n. def.
19-05-13; 51; 20; 12,33; n. def.
18-05-13; 34; 18; 9,34; n. def.
17-05-13; 66; 27; 10,49; n. def.
16-05-13; 80; 30; 13,43; n. def.
15-05-13; 68; 26; 13,60; n. def.
14-05-13; 45; 17; 8,61; n. def.
13-05-13; 44; 19; 7,79; n. def.
12-05-13; 51; 13; 7,00; n. def.
11-05-13; 35; 25; 12,72; n. def.
10-05-13; 14; 24; 11,80; n. def.
09-05-13; 56; 21; 12,27; n. def.
08-05-13; 46; 24; 13,95; n. def.
07-05-13; n. def.; 36; 22,29; n. def.
06-05-13; n. def.; 38; 23,98; n. def.
05-05-13; 50; 42; 27,88; n. def.
04-05-13; 26; 45; 28,50; n. def.
03-05-13; 47; 39; 20,26; n. def.
02-05-13; 32; 45; 31,39; n. def.
01-05-13; 63; 37; 27,69; n. def.
30-04-13; 25; 35; 24,75; n. def.
29-04-13; 27; 29; 16,84; n. def.
28-04-13; 66; 17; 9,26; n. def.
27-04-13; 46; 10; 5,51; n. def.
26-04-13; 68; 33; 19,93; n. def.
25-04-13; 46; 55; 32,28; n. def.
24-04-13; 40; 46; 27,78; n. def.
23-04-13; 42; 59; 32,61; n. def.
22-04-13; 30; 60; 35,85; n. def.
21-04-13; 60; 37; 21,27; n. def.
20-04-13; 60; 23; 12,30; n. def.
19-04-13; 49; 39; 14,35; n. def.
18-04-13; 51; 35; 17,16; n. def.
17-04-13; 44; 37; 19,51; n. def.
16-04-13; 64; 32; 17,38; n. def.
15-04-13; 74; 27; 13,42; n. def.
14-04-13; 49; 21; 11,61; n. def.
13-04-13; 49; 18; 10,06; n. def.
12-04-13; 34; 18; 10,19; n. def.
11-04-13; 35; 23; 11,60; n. def.
10-04-13; 35; 32; 19,24; n. def.
09-04-13; 71; n. def.; 33,59; n. def.
08-04-13; 72; 30; 18,15; n. def.
07-04-13; 65; 28; 17,17; n. def.
06-04-13; 48; 33; 24,76; n. def.
05-04-13; 63; 45; 30,54; n. def.
04-04-13; 80; 39; 28,67; n. def.
03-04-13; 88; 34; 27,06; n. def.
02-04-13; 75; 28; 21,20; n. def.
01-04-13; 73; 22; 16,86; n. def.
31-03-13; 62; 46; 37,32; n. def.
30-03-13; 67; 63; 51,46; n. def.
29-03-13; 66; 57; 48,23; n. def.
28-03-13; 54; 52; 36,77; n. def.
27-03-13; 84; 34; 21,44; n. def.
26-03-13; 88; 25; 18,15; n. def.
25-03-13; 83; 31; 21,67; n. def.
24-03-13; 84; 28; 20,94; n. def.
23-03-13; 81; 28; 20,15; n. def.
22-03-13; 63; 26; 22,39; n. def.
21-03-13; 43; 37; 29,52; n. def.
20-03-13; 46; 41; 35,78; n. def.
19-03-13; 47; 54; 45,01; n. def.
18-03-13; 65; 37; 27,69; n. def.
17-03-13; 81; 30; 22,73; n. def.
16-03-13; 55; 43; 29,94; n. def.
15-03-13; 37; 50; 34,08; n. def.
14-03-13; 35; 43; 35,74; n. def.
13-03-13; 56; 33; 26,45; n. def.
12-03-13; 60; 25; 21,85; n. def.
11-03-13; 52; 26; 22,10; n. def.
10-03-13; 19; 36; 27,63; n. def.
09-03-13; 33; 30; 23,37; n. def.
08-03-13; 40; 28; 23,93; n. def.
07-03-13; 27; 71; 48,17; n. def.
06-03-13; 51; 51; 29,54; n. def.
05-03-13; 68; 35; 19,82; n. def.
04-03-13; 37; 36; 17,04; n. def.
03-03-13; 40; 34; 19,96; n. def.
02-03-13; 23; 50; 28,51; n. def.
01-03-13; 28; 29; 16,80; n. def.
28-02-13; 9; 47; 34,95; n. def.
27-02-13; 15; 24; 20,31; n. def.
26-02-13; 11; 46; 36,71; n. def.
25-02-13; 10; 55; 45,82; n. def.
24-02-13; 7; 49; 39,19; n. def.
23-02-13; 40; 42; 35,04; n. def.
22-02-13; 55; 44; 39,85; n. def.
21-02-13; 42; 16; 14,68; n. def.
20-02-13; 47; 9; 7,91; n. def.
19-02-13; 26; 24; 19,25; n. def.
18-02-13; 13; 59; 44,43; n. def.
17-02-13; 15; 68; 55,57; n. def.
16-02-13; 10; 81; 71,18; n. def.
15-02-13; 7; 79; 65,44; n. def.
14-02-13; 28; 55; 47,24; n. def.
13-02-13; 25; 56; 44,84; n. def.
12-02-13; 30; 59; 49,43; n. def.
11-02-13; 36; 43; 29,31; n. def.
10-02-13; n. def.; 24; 16,92; n. def.
09-02-13; n. def.; 25; 18,16; n. def.
08-02-13; 29; 25; 16,24; n. def.
07-02-13; 16; 23; 16,74; n. def.
06-02-13; 20; 21; 12,35; n. def.
05-02-13; 45; 15; 6,61; n. def.
04-02-13; 34; 10; 4,30; n. def.
03-02-13; 43; 16; 7,48; n. def.
02-02-13; 38; 11; 6,70; n. def.
01-02-13; 44; 18; 7,57; n. def.
31-01-13; 55; 16; 5,47; n. def.
30-01-13; 41; 6; 3,13; n. def.
29-01-13; 30; 10; 6,34; n. def.
28-01-13; 12; 41; 28,24; n. def.
27-01-13; 24; 53; 45,08; n. def.
26-01-13; 24; 66; 54,22; n. def.
25-01-13; 23; 73; 61,28; n. def.
24-01-13; 13; 71; 57,17; n. def.
23-01-13; 11; 70; 57,30; n. def.
22-01-13; 24; 59; 52,41; n. def.
21-01-13; 24; 77; 68,03; n. def.
20-01-13; 28; 71; 60,43; n. def.
19-01-13; 41; 40; 33,70; n. def.
18-01-13; 54; 19; 16,40; n. def.
17-01-13; 22; 49; 41,49; n. def.
16-01-13; 6; 79; 64,70; n. def.
15-01-13; 10; 49; 37,61; n. def.
14-01-13; 13; 48; 37,42; n. def.
13-01-13; 28; 25; 19,21; n. def.
12-01-13; 22; 15; 10,94; n. def.
11-01-13; 33; 11; 5,37; n. def.
10-01-13; 29; 13; 6,36; n. def.
09-01-13; 6; 13; 8,26; n. def.
08-01-13; 6; 22; 17,08; n. def.
07-01-13; 20; 10; 5,89; n. def.
06-01-13; 31; 6; 4,46; n. def.
05-01-13; 40; 7; 3,39; n. def.
04-01-13; 30; 13; 6,97; n. def.
03-01-13; 28; 11; 5,59; n. def.
02-01-13; 35; 14; 6,37; n. def.
01-01-13; 30; 52; 34,70; n. def.

Datum Zeit; Dresden-Winckelmannstr. NO; Dresden-Winckelmannstr. NO2; Dresden-Winckelmannstr. O3; Dresden-Winckelmannstr. PM10
; µg/m³; µg/m³; µg/m³; µg/m³
30-12-13; 16; 29; 21; 13
29-12-13; 1; 11; 46; 9
28-12-13; 2; 18; 25; 13
27-12-13; 2; 17; 39; 12
26-12-13; 11; 30; 9; 23
25-12-13; 3; 14; 38; 17
24-12-13; 1; 12; 35; 15
23-12-13; 10; 23; 44; 8
22-12-13; 2; 16; 39; 12
21-12-13; 5; 33; 16; 22
20-12-13; 25; 29; 7; 33
19-12-13; 7; 29; 6; 27
18-12-13; 18; 30; 4; 31
17-12-13; 11; 34; 6; 31
16-12-13; 7; 37; 9; 24
15-12-13; 4; 24; 24; 15
14-12-13; 20; 30; 12; 14
13-12-13; 45; 32; 4; 15
12-12-13; 32; 34; 4; 12
11-12-13; 50; 35; 3; 24
10-12-13; 29; 30; 8; 13
09-12-13; 1; 16; 39; 6
08-12-13; 2; 13; 39; 9
07-12-13; 1; 13; 54; 10
06-12-13; 1; 8; 65; 9
05-12-13; 2; 18; 41; 13
04-12-13; 14; 34; 9; 28
03-12-13; 8; 35; 12; 30
02-12-13; 34; 41; 15; 27
01-12-13; 1; 8; 42; 12
30-11-13; 1; 12; 40; 6
29-11-13; 1; 18; 40; 13
28-11-13; 3; 24; 28; 12
27-11-13; 24; 30; 22; 18
26-11-13; 7; 29; 22; 13
25-11-13; 2; 23; 38; 11
24-11-13; 1; 9; 41; 8
23-11-13; 7; 20; 7; 22
22-11-13; 16; 22; 3; 20
21-11-13; 4; 22; 20; 13
20-11-13; 2; 17; 19; 19
19-11-13; 30; 25; 10; 34
18-11-13; 54; 31; 5; 32
17-11-13; 10; 21; 6; 19
16-11-13; 10; 22; 15; 42
15-11-13; 15; 27; 12; 38
14-11-13; 7; 30; 12; 21
13-11-13; 34; 37; 10; 24
12-11-13; 45; 36; 14; 23
11-11-13; 7; 29; 23; 16
10-11-13; 1; 13; 42; 8
09-11-13; 2; 14; 48; 7
08-11-13; 2; 23; 35; 7
07-11-13; 1; 9; 48; 4
06-11-13; 1; 14; 45; 9
05-11-13; 2; 18; 37; 7
04-11-13; 2; 14; 52; 5
03-11-13; 1; 8; 55; 6
02-11-13; 2; 17; 27; 14
01-11-13; 14; 36; 7; 33
31-10-13; 7; 29; 21; 22
30-10-13; 7; 26; 39; 16
29-10-13; 1; 18; 52; 9
28-10-13; 1; 8; 62; 8
27-10-13; 1; 11; 50; 9
26-10-13; 3; 22; 26; 13
25-10-13; 10; 25; 13; 16
24-10-13; 13; 24; 37; 13
23-10-13; 4; 23; 26; 20
22-10-13; 5; 20; 27; 17
21-10-13; 15; 26; 25; 14
20-10-13; 3; 24; 15; 25
19-10-13; 2; 18; 29; 15
18-10-13; 5; 23; 42; 13
17-10-13; 5; 16; 34; 12
16-10-13; 7; 26; 17; 22
15-10-13; 15; 31; 14; 21
14-10-13; 5; 26; n. def.; 18
13-10-13; 6; 21; n. def.; 15
12-10-13; 12; 24; 12; 14
11-10-13; 15; 31; 15; 9
10-10-13; 6; 23; 27; 18
09-10-13; 11; 29; 18; 32
08-10-13; 9; 26; 39; 36
07-10-13; 19; 30; 14; 31
06-10-13; 5; 30; 14; 40
05-10-13; 1; 17; 55; 22
04-10-13; 1; 13; 61; 21
03-10-13; 1; 11; 52; 17
02-10-13; 16; 22; 27; 18
01-10-13; 12; 23; 23; 19
30-09-13; 16; 19; 28; 14
29-09-13; 5; 12; 36; 12
28-09-13; 5; 19; 32; 11
27-09-13; 10; 26; 22; 14
26-09-13; 3; 22; 25; 20
25-09-13; 3; 19; 23; 11
24-09-13; 2; 16; 34; 9
23-09-13; 2; 14; 35; 10
22-09-13; 5; 14; 36; 13
21-09-13; 1; 13; 40; 12
20-09-13; 6; 17; 32; 11
19-09-13; 2; 19; 36; 11
18-09-13; 3; 18; 27; 7
17-09-13; 2; 16; 41; 9
16-09-13; 1; 14; 44; 8
15-09-13; 1; 13; 33; 8
14-09-13; 1; 14; 57; 11
13-09-13; 2; 17; 46; 17
12-09-13; 2; 19; 40; 10
11-09-13; 2; 17; 35; 7
10-09-13; 2; 18; 36; 9
09-09-13; 1; 15; 45; 6
08-09-13; 1; 11; 86; 20
07-09-13; 1; 13; 79; 19
06-09-13; 2; 21; 63; 20
05-09-13; 7; 14; 38; 12
04-09-13; 8; 19; 14; 9
03-09-13; 2; 18; 23; 12
02-09-13; 1; 12; 41; 15
01-09-13; 1; 6; 56; 11
31-08-13; 1; 15; 68; 22
30-08-13; 4; 36; 48; 19
29-08-13; 11; 27; 46; 18
28-08-13; 3; 27; 40; 18
27-08-13; 4; 23; 44; 16
26-08-13; 1; 12; 60; 13
25-08-13; 1; 11; 56; 15
24-08-13; 3; 13; 57; 17
23-08-13; 5; 32; 29; 21
22-08-13; 3; 17; 62; 16
21-08-13; 6; 22; 42; 14
20-08-13; 1; 14; 49; 11
19-08-13; 4; 23; 46; 11
18-08-13; 1; 13; 77; 16
17-08-13; 1; 19; 94; 23
16-08-13; 1; 17; 86; 19
15-08-13; 3; 21; 56; 14
14-08-13; 1; 12; 53; 10
13-08-13; 1; 12; 53; 10
12-08-13; 2; 13; 66; 12
11-08-13; 1; 11; 59; 14
10-08-13; 2; 13; 53; 14
09-08-13; 1; 18; 44; 12
08-08-13; 1; 13; 68; 14
07-08-13; 2; 18; 64; 15
06-08-13; 1; 17; 76; 17
05-08-13; 2; 14; 60; 17
04-08-13; 1; 12; 82; 15
03-08-13; 1; 11; 118; 20
02-08-13; 1; 16; 95; 18
01-08-13; 3; 15; 61; 13
31-07-13; 2; 10; 57; 9
30-07-13; 1; 9; 69; 14
29-07-13; 1; 12; 66; 11
28-07-13; 1; 9; 101; 18
27-07-13; 1; 13; 105; 22
26-07-13; 2; 18; 91; 20
25-07-13; 1; 19; 91; 20
24-07-13; 2; 15; 91; 18
23-07-13; 2; 21; 88; 20
22-07-13; 2; 17; 79; 13
21-07-13; 1; 12; 53; 12
20-07-13; 1; 12; 66; 14
19-07-13; 2; 15; 62; 17
18-07-13; 3; 19; 65; 22
17-07-13; 2; 19; 72; 18
16-07-13; 3; 15; 77; 17
15-07-13; 1; 12; 61; 12
14-07-13; 1; 6; 71; 16
13-07-13; 1; 11; 70; 15
12-07-13; 2; 12; 59; 14
11-07-13; 1; 13; 51; 12
10-07-13; 2; 14; 67; 22
09-07-13; 4; 21; 72; 26
08-07-13; 3; 19; 63; 20
07-07-13; 1; 14; 63; 16
06-07-13; 2; 15; 58; 20
05-07-13; 2; 19; 49; 23
04-07-13; 2; 12; 55; 12
03-07-13; 2; 21; 56; 17
02-07-13; 4; 19; 64; 15
01-07-13; 1; 12; 66; 10
30-06-13; 1; 5; 58; 12
29-06-13; 1; 9; 51; 8
28-06-13; 4; 18; 47; 13
27-06-13; 1; 15; 47; 10
26-06-13; 2; 10; 54; 7
25-06-13; 1; 11; 50; 7
24-06-13; 2; 13; 52; 9
23-06-13; 1; 6; 65; 8
22-06-13; 1; 9; 78; 9
21-06-13; 1; 9; 84; 8
20-06-13; 1; 13; 109; 31
19-06-13; 1; 14; 82; 30
18-06-13; 2; 18; 91; 28
17-06-13; 3; 15; 70; 17
16-06-13; 1; 8; 75; 9
15-06-13; 1; 11; 63; 12
14-06-13; 1; 13; 66; 10
13-06-13; 2; 14; 85; 15
12-06-13; 3; 19; 68; 17
11-06-13; 3; 16; 56; 11
10-06-13; 2; 17; 49; 13
09-06-13; 2; 16; 48; 18
08-06-13; 2; 20; 49; 20
07-06-13; 7; 26; 45; 19
06-06-13; 3; 21; 48; 16
05-06-13; 3; 13; 56; 9
04-06-13; 2; 18; 37; 16
03-06-13; 2; 17; 44; 9
02-06-13; 1; 6; 61; 4
01-06-13; 4; 14; 35; 12
31-05-13; 3; 21; 38; 14
30-05-13; 3; 18; 36; 10
29-05-13; 2; 22; 68; 9
28-05-13; 3; 26; 40; 14
27-05-13; 3; 15; 25; 6
26-05-13; 1; 8; 54; 3
25-05-13; 1; 9; 69; 16
24-05-13; 1; 16; 53; 13
23-05-13; 1; 11; 77; 13
22-05-13; 1; 12; 61; 7
21-05-13; 1; 13; 67; 6
20-05-13; 1; 5; n. def.; 5
19-05-13; 3; 12; n. def.; 17
18-05-13; 1; 14; n. def.; 11
17-05-13; 1; 9; 75; 18
16-05-13; 1; 12; 87; 19
15-05-13; 1; 11; 83; 16
14-05-13; 1; 11; 65; 9
13-05-13; 1; 10; 64; 11
12-05-13; 1; 9; 63; 8
11-05-13; 4; 20; 39; 18
10-05-13; 2; 18; 28; 13
09-05-13; 1; 11; 60; 16
08-05-13; 4; 16; 51; 17
07-05-13; 5; 24; 30; 27
06-05-13; 5; 22; 45; 30
05-05-13; 2; 18; 62; 31
04-05-13; 2; 23; 40; 33
03-05-13; 2; 22; 55; 31
02-05-13; 6; 23; 35; 39
01-05-13; 1; 8; 69; 34
30-04-13; 9; 30; 30; 29
29-04-13; 3; 22; 41; 18
28-04-13; 1; 10; 77; 13
27-04-13; 1; 12; 51; 7
26-04-13; 2; 18; 97; 23
25-04-13; 10; 30; 54; 46
24-04-13; 5; 27; n. def.; 37
23-04-13; 5; 21; n. def.; 44
22-04-13; 7; 28; 45; 49
21-04-13; 2; 16; 64; 32
20-04-13; 1; 13; 66; 22
19-04-13; 1; 19; 79; 30
18-04-13; 2; 20; 74; 24
17-04-13; 7; 25; 57; 26
16-04-13; 1; 22; 73; 24
15-04-13; 2; 16; 81; 16
14-04-13; 1; 16; 55; 15
13-04-13; 1; 14; 69; 11
12-04-13; 5; 27; 46; 11
11-04-13; 3; 24; 48; 13
10-04-13; 7; 26; 51; 21
09-04-13; 1; 26; 77; 43
08-04-13; 2; 20; 82; 22
07-04-13; 1; 13; 84; 21
06-04-13; 1; 17; 63; 28
05-04-13; 1; 27; 68; 37
04-04-13; 1; 21; 84; 33
03-04-13; 1; 19; 92; 30
02-04-13; 2; 20; 80; 25
01-04-13; 1; 11; 90; 18
31-03-13; 1; 20; 74; 39
30-03-13; 1; 24; 85; 51
29-03-13; 1; 18; 87; 46
28-03-13; 2; 31; 64; 42
27-03-13; 1; 14; 92; 30
26-03-13; 1; 13; 94; 22
25-03-13; 1; 12; 92; 27
24-03-13; 1; 9; 93; 25
23-03-13; 1; 9; 88; 25
22-03-13; 1; 19; 74; 22
21-03-13; 3; 26; 63; 28
20-03-13; 3; 35; 58; 33
19-03-13; 2; 26; 72; 41
18-03-13; 1; 20; 73; 30
17-03-13; 1; 11; 86; 26
16-03-13; 2; 29; 62; 33
15-03-13; 2; 27; 60; 36
14-03-13; 18; 45; 52; 36
13-03-13; 2; 27; 69; 27
12-03-13; 2; 22; 62; 24
11-03-13; 1; 17; 62; 23
10-03-13; 4; 20; 25; 30
09-03-13; 2; 20; 33; 27
08-03-13; 2; 20; 41; 25
07-03-13; 7; 32; 39; 58
06-03-13; 4; 31; 61; 36
05-03-13; 1; 18; 76; 27
04-03-13; 7; 29; 47; 25
03-03-13; 2; 16; 59; 25
02-03-13; 7; 27; 46; 40
01-03-13; 2; 25; 46; 19
28-02-13; 19; 43; 13; 36
27-02-13; 5; 29; 19; 22
26-02-13; 12; 34; 11; 44
25-02-13; 13; 41; 11; 47
24-02-13; 16; 40; 10; 41
23-02-13; 2; 27; 49; 36
22-02-13; 1; 20; 61; 41
21-02-13; 2; 26; 52; 16
20-02-13; 1; 18; 58; 8
19-02-13; 2; 22; 37; 19
18-02-13; 4; 31; 24; 41
17-02-13; 5; 32; 14; 59
16-02-13; 24; 52; 9; 78
15-02-13; 42; 64; 8; 66
14-02-13; 5; 35; 32; 49
13-02-13; 3; 36; 34; 43
12-02-13; 2; 31; 30; 50
11-02-13; 3; 21; 40; 31
10-02-13; 2; 20; 44; 18
09-02-13; 1; 18; 41; 16
08-02-13; 2; 24; 44; 15
07-02-13; 17; 35; 23; 19
06-02-13; 24; 41; 36; 14
05-02-13; 1; 13; 63; 8
04-02-13; 1; 14; 46; 5
03-02-13; 1; 10; 59; 10
02-02-13; 1; 15; 46; 7
01-02-13; 1; 15; 57; 11
31-01-13; 1; 8; 66; 9
30-01-13; 1; 9; 52; 3
29-01-13; 1; 15; 49; 6
28-01-13; 33; 45; 20; 38
27-01-13; 3; 34; 25; 51
26-01-13; 10; 43; 25; 52
25-01-13; 13; 42; 24; 65
24-01-13; 3; 35; 23; 57
23-01-13; n. def.; n. def.; 14; 65
22-01-13; 4; 32; 25; 57
21-01-13; 3; 27; 27; 73
20-01-13; 2; 20; 33; 66
19-01-13; 1; 14; 45; n. def.
18-01-13; 1; 14; 58; 17
17-01-13; 4; 27; 27; 41
16-01-13; 12; 36; 10; 69
15-01-13; 9; 37; 14; 39
14-01-13; 11; 36; 16; 38
13-01-13; 1; 13; 36; 21
12-01-13; 2; 17; 33; 12
11-01-13; 1; 16; 47; 5
10-01-13; 1; 17; 45; 7
09-01-13; 7; 25; 14; 7
08-01-13; 13; 30; 8; 18
07-01-13; 3; 27; 26; 8
06-01-13; 1; 10; 40; 4
05-01-13; 1; 11; 49; 4
04-01-13; 2; 20; 37; 9
03-01-13; 1; 11; 40; 6
02-01-13; 1; 12; 50; 7
01-01-13; 1; 20; 37; 36

Datum Zeit; Dresden-Winckelmannstr. PM2.5; Dresden-Winckelmannstr. SO2
; µg/m³; µg/m³
30-12-13; 9,23; 5,8
29-12-13; 6,73; 6,2
28-12-13; 10,83; 10,9
27-12-13; 7,88; 6,9
26-12-13; 19,22; 4,6
25-12-13; 14,71; 5,8
24-12-13; 13,07; 7,1
23-12-13; 5,17; 4,6
22-12-13; 10,38; 7,3
21-12-13; 16,81; 9,1
20-12-13; 28,24; 10,0
19-12-13; 23,71; 10,6
18-12-13; 26,62; 16,0
17-12-13; 27,11; 13,4
16-12-13; 18,79; 17,6
15-12-13; 10,83; 7,6
14-12-13; 13,01; 17,4
13-12-13; 12,52; 28,2
12-12-13; 9,66; 16,1
11-12-13; 18,67; 6,0
10-12-13; 9,85; 2,9
09-12-13; 4,98; 3,3
08-12-13; 8,33; 3,3
07-12-13; 5,18; 3,9
06-12-13; 3,88; 3,8
05-12-13; 9,79; 3,7
04-12-13; 25,22; 7,5
03-12-13; 23,17; 12,4
02-12-13; 14,05; 3,4
01-12-13; 7,33; 3,8
30-11-13; 4,43; 3,0
29-11-13; 7,18; 3,6
28-11-13; 7,63; 3,4
27-11-13; 12,39; 5,4
26-11-13; 9,16; 3,1
25-11-13; 6,34; 3,4
24-11-13; 5,58; 3,4
23-11-13; 18,02; 3,0
22-11-13; 17,05; 2,3
21-11-13; 10,43; 2,9
20-11-13; 16,34; 3,3
19-11-13; 28,55; 7,3
18-11-13; 27,13; 3,9
17-11-13; 16,53; 1,7
16-11-13; 33,61; 3,5
15-11-13; 31,08; 4,2
14-11-13; 15,67; 5,2
13-11-13; 15,70; 3,0
12-11-13; 17,00; 7,8
11-11-13; 11,63; 2,4
10-11-13; 5,72; 4,3
09-11-13; 3,67; 3,7
08-11-13; 4,49; 2,5
07-11-13; 2,20; 3,7
06-11-13; 5,69; 4,1
05-11-13; 4,79; 3,4
04-11-13; 3,17; 4,4
03-11-13; 2,42; 3,7
02-11-13; 10,55; 6,1
01-11-13; 22,94; 8,1
31-10-13; 14,58; 8,5
30-10-13; 7,62; 3,9
29-10-13; 4,00; 3,1
28-10-13; 4,10; 3,8
27-10-13; 6,03; 5,8
26-10-13; 9,12; 7,1
25-10-13; 10,48; 4,3
24-10-13; 7,10; 3,9
23-10-13; 14,54; 6,2
22-10-13; 10,88; 5,0
21-10-13; 8,49; 3,5
20-10-13; 19,74; 9,6
19-10-13; 10,68; 4,1
18-10-13; 6,27; 3,3
17-10-13; 7,29; 3,3
16-10-13; 18,30; 2,6
15-10-13; 15,59; 5,9
14-10-13; 13,18; 3,8
13-10-13; 11,38; 1,7
12-10-13; 9,86; 1,6
11-10-13; 5,91; 1,5
10-10-13; 14,18; 5,6
09-10-13; 23,72; 3,8
08-10-13; 27,34; 6,5
07-10-13; 22,09; 2,8
06-10-13; 29,75; 3,7
05-10-13; 15,91; 7,6
04-10-13; 10,15; 7,0
03-10-13; 13,52; 5,4
02-10-13; 13,15; 3,6
01-10-13; 13,18; 2,8
30-09-13; 9,22; 3,5
29-09-13; 9,22; 3,0
28-09-13; 8,44; 2,1
27-09-13; 9,50; 2,4
26-09-13; 14,38; 2,4
25-09-13; 5,94; 2,8
24-09-13; 4,62; 2,5
23-09-13; 5,87; 2,5
22-09-13; 9,78; 3,2
21-09-13; 8,32; 2,4
20-09-13; 6,08; 2,7
19-09-13; 7,12; 3,6
18-09-13; 4,83; 2,5
17-09-13; 4,83; 2,3
16-09-13; 3,70; 2,5
15-09-13; 5,70; 2,4
14-09-13; 8,30; 3,8
13-09-13; 12,97; 3,0
12-09-13; 7,73; 3,2
11-09-13; 4,43; 3,0
10-09-13; 5,05; 3,6
09-09-13; 5,94; 2,6
08-09-13; 15,25; 6,7
07-09-13; 14,02; 5,8
06-09-13; 15,45; 5,3
05-09-13; 9,73; 3,3
04-09-13; 6,46; 2,5
03-09-13; 7,31; 1,6
02-09-13; 9,14; 2,6
01-09-13; 4,29; 3,3
31-08-13; 15,63; 4,4
30-08-13; 12,28; 3,7
29-08-13; 11,22; 4,7
28-08-13; 12,44; 5,5
27-08-13; 9,71; 4,3
26-08-13; 7,62; 4,4
25-08-13; 11,15; 5,0
24-08-13; 13,68; 5,3
23-08-13; 13,95; 2,8
22-08-13; 11,35; 5,0
21-08-13; 8,69; 2,8
20-08-13; 6,68; 2,5
19-08-13; 6,33; 3,3
18-08-13; 10,44; 5,4
17-08-13; 15,42; 8,1
16-08-13; 12,44; 7,1
15-08-13; 9,29; 3,8
14-08-13; 6,55; 4,2
13-08-13; 5,97; 2,9
12-08-13; 8,20; 3,7
11-08-13; 7,41; 3,4
10-08-13; 8,97; 3,2
09-08-13; 6,79; 2,4
08-08-13; 9,08; 4,7
07-08-13; 8,46; 3,3
06-08-13; 10,48; 4,9
05-08-13; 9,52; 2,8
04-08-13; 11,96; 3,4
03-08-13; 12,58; 6,0
02-08-13; 12,18; 6,3
01-08-13; 8,14; n. def.
31-07-13; 5,65; n. def.
30-07-13; 6,13; n. def.
29-07-13; 7,19; 1,1
28-07-13; 10,89; 3,3
27-07-13; 15,60; n. def.
26-07-13; 14,90; n. def.
25-07-13; 14,30; n. def.
24-07-13; 10,02; 3,9
23-07-13; 12,39; 4,7
22-07-13; 8,68; 5,3
21-07-13; 8,52; 3,6
20-07-13; 8,51; 2,3
19-07-13; 10,34; 3,6
18-07-13; 13,97; 5,1
17-07-13; 13,11; 4,3
16-07-13; 11,36; 4,0
15-07-13; 7,35; 2,1
14-07-13; 11,25; 2,6
13-07-13; 9,45; 4,5
12-07-13; 7,28; 2,5
11-07-13; 5,58; 2,0
10-07-13; 13,71; 4,6
09-07-13; 18,81; 6,6
08-07-13; 13,84; 6,7
07-07-13; 11,53; 4,2
06-07-13; 14,24; 3,6
05-07-13; 15,51; 3,2
04-07-13; 8,32; 3,1
03-07-13; 11,67; 3,9
02-07-13; 10,27; 3,9
01-07-13; 6,89; 3,0
30-06-13; 4,43; 2,8
29-06-13; 4,96; 1,8
28-06-13; 8,70; 3,6
27-06-13; 7,06; 2,2
26-06-13; 3,96; 2,0
25-06-13; 4,16; 1,4
24-06-13; 4,86; n. def.
23-06-13; 5,38; n. def.
22-06-13; 6,25; n. def.
21-06-13; 5,30; n. def.
20-06-13; 22,41; n. def.
19-06-13; 21,55; n. def.
18-06-13; 19,29; 1,9
17-06-13; 10,01; 4,4
16-06-13; 5,67; 1,7
15-06-13; 8,54; 2,6
14-06-13; 6,32; 1,7
13-06-13; 10,54; 3,2
12-06-13; 10,40; 4,3
11-06-13; 7,00; 2,0
10-06-13; 8,02; 1,5
09-06-13; 13,17; 1,5
08-06-13; 15,86; 2,4
07-06-13; 15,29; 3,0
06-06-13; 10,12; 2,3
05-06-13; 5,32; 3,5
04-06-13; 8,74; 1,0
03-06-13; 4,81; 1,0
02-06-13; 2,64; 1,1
01-06-13; 9,22; 1,4
31-05-13; 7,24; 1,4
30-05-13; 6,41; 1,1
29-05-13; 7,05; 1,7
28-05-13; 9,38; 2,3
27-05-13; 5,26; 1,0
26-05-13; 2,92; 1,1
25-05-13; 10,96; 1,3
24-05-13; 9,80; 3,3
23-05-13; 6,79; 2,8
22-05-13; 4,42; 1,5
21-05-13; 4,47; 1,7
20-05-13; 4,80; 1,5
19-05-13; 12,98; 2,1
18-05-13; 7,60; 1,4
17-05-13; 12,65; 2,0
16-05-13; 15,93; 2,7
15-05-13; 12,67; 2,5
14-05-13; 6,59; 2,2
13-05-13; 5,61; 1,3
12-05-13; 6,57; 1,7
11-05-13; 12,83; 2,2
10-05-13; 8,46; 2,2
09-05-13; 12,91; 2,1
08-05-13; 13,38; 2,3
07-05-13; 20,80; 1,3
06-05-13; 24,05; 6,0
05-05-13; 25,19; 3,6
04-05-13; 25,04; 5,1
03-05-13; 18,93; 4,7
02-05-13; 30,68; 1,7
01-05-13; 28,15; 1,4
30-04-13; 23,07; 1,6
29-04-13; 15,58; 1,9
28-04-13; 9,57; 1,1
27-04-13; 6,18; 1,2
26-04-13; 16,34; 2,6
25-04-13; 30,14; 3,9
24-04-13; 26,43; 3,8
23-04-13; 31,27; 3,0
22-04-13; 35,96; 4,9
21-04-13; 23,97; 2,4
20-04-13; 13,85; 2,3
19-04-13; 14,04; 1,7
18-04-13; 16,27; 5,9
17-04-13; 18,59; 6,0
16-04-13; 17,20; 6,3
15-04-13; 11,40; 4,8
14-04-13; 10,61; 4,2
13-04-13; 8,36; 1,9
12-04-13; 7,95; 2,7
11-04-13; 9,83; 5,0
10-04-13; 17,41; 3,5
09-04-13; 35,44; 7,0
08-04-13; 18,38; 4,6
07-04-13; 17,67; 1,4
06-04-13; 24,87; 1,2
05-04-13; 30,42; 1,8
04-04-13; 28,44; 1,8
03-04-13; 27,57; 3,6
02-04-13; 22,34; 1,8
01-04-13; 15,84; 1,3
31-03-13; 36,87; 2,4
30-03-13; 47,23; 4,1
29-03-13; 43,45; 3,6
28-03-13; 37,36; 5,5
27-03-13; 23,22; 6,2
26-03-13; 18,98; 5,8
25-03-13; 22,79; 6,3
24-03-13; 21,98; 6,8
23-03-13; 21,72; 4,8
22-03-13; 21,15; 1,9
21-03-13; 26,42; 2,1
20-03-13; 32,79; 3,2
19-03-13; 40,35; 5,8
18-03-13; 27,63; 5,1
17-03-13; 23,31; 4,6
16-03-13; 28,09; 8,4
15-03-13; 33,98; 4,2
14-03-13; 34,16; 4,0
13-03-13; 25,42; 3,8
12-03-13; 23,27; 2,4
11-03-13; 21,22; 2,0
10-03-13; 27,13; 2,6
09-03-13; 25,28; 2,8
08-03-13; 25,89; 2,2
07-03-13; 48,68; 5,8
06-03-13; 29,92; 12,9
05-03-13; 21,61; 7,0
04-03-13; 18,68; 7,6
03-03-13; 21,42; 2,4
02-03-13; 30,12; 3,6
01-03-13; 15,54; 4,0
28-02-13; 31,73; 5,6
27-02-13; 17,25; 2,6
26-02-13; 37,00; 5,6
25-02-13; 42,97; 3,2
24-02-13; 38,36; 4,5
23-02-13; 33,83; 4,6
22-02-13; 39,68; 6,5
21-02-13; 15,19; 1,5
20-02-13; 7,02; 1,2
19-02-13; 18,58; 2,1
18-02-13; 40,46; 4,4
17-02-13; 53,78; 2,8
16-02-13; 71,14; 5,3
15-02-13; 60,71; 12,7
14-02-13; 45,55; 9,0
13-02-13; 41,41; 6,6
12-02-13; 48,77; 7,0
11-02-13; 28,52; 5,7
10-02-13; 16,46; 2,3
09-02-13; 15,63; 2,9
08-02-13; 14,15; 2,9
07-02-13; 16,06; 2,7
06-02-13; 10,86; 2,2
05-02-13; 5,04; 1,4
04-02-13; 3,16; 1,2
03-02-13; 5,67; 1,5
02-02-13; 5,54; 1,3
01-02-13; 6,21; 1,4
31-01-13; 4,61; 1,1
30-01-13; 3,04; 3,1
29-01-13; 5,46; 5,0
28-01-13; 29,80; 6,3
27-01-13; 47,75; 20,5
26-01-13; 50,03; 25,1
25-01-13; 64,39; 14,4
24-01-13; 52,78; 5,9
23-01-13; 58,32; 6,2
22-01-13; 55,26; 11,1
21-01-13; 72,46; 17,0
20-01-13; 64,32; 10,5
19-01-13; 36,63; 7,3
18-01-13; 17,18; 3,5
17-01-13; 41,34; 6,4
16-01-13; 66,04; 7,1
15-01-13; 37,19; 8,3
14-01-13; 36,49; 6,9
13-01-13; 19,26; 3,6
12-01-13; 11,41; 1,5
11-01-13; 4,83; 1,3
10-01-13; 5,89; 1,2
09-01-13; 6,66; 1,6
08-01-13; 15,63; 1,5
07-01-13; 5,28; 1,0
06-01-13; 3,30; 1,1
05-01-13; 2,25; 1,0
04-01-13; 7,00; 1,6
03-01-13; 4,85; 1,3
02-01-13; 5,34; 1,5
01-01-13; 30,45; 8,1

